id,harpnum,t_rec,noaa_ars,r_value,totusjh,totbsq,totpot,totusjz,absnjzh,savncpp,usflux,totfz,meanpot,epsx,epsy,epsz,meanshr,shrgt45,meangam,meangbt,meangbz,meangbh,meanjzh,totfy,meanjzd,meanalp,totfx,source_system,source_series,fetched_at_utc,created_at_utc
1,13363,2026.03.27_17:12:00_TAI,14397,0.0,239.659,,1.797853e+22,5866273000000.0,28.135,694400700000.0,4.950697e+21,,1483.572,,,,24.288,4.526,28.017,88.45,88.101,32.135,0.00308329,,0.04250528,0.01379393,,JSOC,hmi.sharp_720s_nrt,2026-03-27 23:15:52,2026-03-27 23:15:52
2,13363,2026.03.27_17:24:00_TAI,14397,0.0,236.009,,1.808248e+22,5846076000000.0,26.493,908946400000.0,4.946279e+21,,1474.058,,,,24.53,5.207,28.61,88.219,87.769,32.019,0.00286811,,-0.10582036,0.01305255,,JSOC,hmi.sharp_720s_nrt,2026-03-27 23:15:52,2026-03-27 23:15:52
3,13363,2026.03.27_17:36:00_TAI,14397,0.0,231.638,,1.813294e+22,5780068000000.0,26.339,1030268000000.0,4.944953e+21,,1468.948,,,,24.652,5.25,28.715,88.551,88.116,32.006,0.00283402,,-0.05096537,0.01301524,,JSOC,hmi.sharp_720s_nrt,2026-03-27 23:15:52,2026-03-27 23:15:52
4,13363,2026.03.27_17:48:00_TAI,14397,0.0,231.778,,1.797152e+22,5774474000000.0,25.973,594646300000.0,4.91459e+21,,1463.745,,,,24.817,5.873,28.972,89.033,88.69,32.964,0.00280939,,-0.00879296,0.01287708,,JSOC,hmi.sharp_720s_nrt,2026-03-27 23:15:52,2026-03-27 23:15:52
5,13363,2026.03.27_18:00:00_TAI,14397,0.0,231.806,,1.799653e+22,5830507000000.0,28.478,824517200000.0,4.880939e+21,,1476.643,,,,25.109,5.873,28.72,89.155,89.196,32.697,0.00310316,,-0.00627518,0.01419605,,JSOC,hmi.sharp_720s_nrt,2026-03-27 23:15:52,2026-03-27 23:15:52
6,13363,2026.03.27_18:12:00_TAI,14397,0.0,230.552,,1.749274e+22,5681519000000.0,27.334,1038775000000.0,4.848007e+21,,1457.219,,,,24.485,4.757,28.636,89.356,88.696,32.714,0.00302398,,-0.03177846,0.01372637,,JSOC,hmi.sharp_720s_nrt,2026-03-27 23:15:52,2026-03-27 23:15:52
7,13363,2026.03.27_18:24:00_TAI,14397,0.0,223.017,,1.737425e+22,5578008000000.0,22.451,595140200000.0,4.807976e+21,,1460.272,,,,24.639,4.889,28.571,88.578,88.257,32.483,0.00250599,,-0.02818678,0.01138124,,JSOC,hmi.sharp_720s_nrt,2026-03-27 23:15:52,2026-03-27 23:15:52
8,13363,2026.03.27_18:36:00_TAI,14397,0.0,223.432,,1.708782e+22,5473257000000.0,24.764,619386300000.0,4.761651e+21,,1464.312,,,,24.443,4.757,28.484,90.137,89.491,32.91,0.00281826,,-0.07595573,0.01257577,,JSOC,hmi.sharp_720s_nrt,2026-03-27 23:15:52,2026-03-27 23:15:52
9,13363,2026.03.27_19:12:00_TAI,14397,0.0,222.023,,1.703431e+22,5434872000000.0,23.681,1021254000000.0,4.672262e+21,,1535.385,,,,24.1,4.597,28.318,93.2,92.634,34.249,0.00283473,,0.01843402,0.01202344,,JSOC,hmi.sharp_720s_nrt,2026-03-27 23:15:52,2026-03-27 23:15:52
10,13363,2026.03.27_19:24:00_TAI,14397,0.0,225.629,,1.750649e+22,5555432000000.0,23.914,851815200000.0,4.70837e+21,,1553.218,,,,24.655,5.667,28.741,91.935,91.355,33.507,0.00281773,,-0.00156023,0.01205094,,JSOC,hmi.sharp_720s_nrt,2026-03-27 23:15:52,2026-03-27 23:15:52
11,13363,2026.03.27_19:36:00_TAI,14397,2.214,217.901,,1.68925e+22,5280666000000.0,22.714,688505600000.0,4.599039e+21,,1551.009,,,,24.036,4.768,28.546,91.872,90.982,34.161,0.00276968,,-0.04691461,0.01169193,,JSOC,hmi.sharp_720s_nrt,2026-03-27 23:15:52,2026-03-27 23:15:52
12,13363,2026.03.27_19:48:00_TAI,14397,0.0,216.287,,1.692221e+22,5249169000000.0,20.468,637187500000.0,4.523605e+21,,1586.232,,,,24.419,5.365,28.739,92.272,91.552,34.217,0.00254825,,0.0374263,0.01070275,,JSOC,hmi.sharp_720s_nrt,2026-03-27 23:15:52,2026-03-27 23:15:52
13,13363,2026.03.27_20:00:00_TAI,14397,0.0,215.23,,1.649078e+22,5161347000000.0,22.122,709965400000.0,4.425466e+21,,1605.345,,,,24.143,4.564,28.336,92.093,91.415,34.017,0.00285999,,-0.07118938,0.01172667,,JSOC,hmi.sharp_720s_nrt,2026-03-27 23:15:52,2026-03-27 23:15:52
14,13363,2026.03.27_20:12:00_TAI,14397,0.0,214.767,,1.648874e+22,5041612000000.0,21.092,1017347000000.0,4.351902e+21,,1632.585,,,,24.102,4.484,28.259,92.232,91.523,34.474,0.00277343,,-0.0887982,0.01139435,,JSOC,hmi.sharp_720s_nrt,2026-03-27 23:15:52,2026-03-27 23:15:52
15,13363,2026.03.27_20:24:00_TAI,14397,0.0,209.186,,1.635011e+22,4953328000000.0,18.954,397868100000.0,4.250881e+21,,1662.807,,,,24.181,4.579,28.417,90.915,90.373,34.167,0.0025607,,-0.10262864,0.01045623,,JSOC,hmi.sharp_720s_nrt,2026-03-27 23:15:52,2026-03-27 23:15:52
16,13363,2026.03.27_20:36:00_TAI,14397,0.0,199.645,,1.595255e+22,4698800000000.0,15.547,369779300000.0,4.157744e+21,,1662.57,,,,24.261,4.235,28.487,89.965,89.581,33.795,0.00215186,,-0.09774505,0.00878906,,JSOC,hmi.sharp_720s_nrt,2026-03-27 23:15:52,2026-03-27 23:15:52
17,13363,2026.03.27_20:48:00_TAI,14397,0.0,197.072,,1.577308e+22,4663771000000.0,15.612,635677300000.0,4.123635e+21,,1654.629,,,,24.507,4.974,28.614,89.476,89.233,33.622,0.00217496,,-0.09715679,0.00890204,,JSOC,hmi.sharp_720s_nrt,2026-03-27 23:15:52,2026-03-27 23:15:52
18,13363,2026.03.27_21:00:00_TAI,14397,0.0,197.87,,1.544838e+22,4588914000000.0,15.767,489687700000.0,4.077809e+21,,1655.155,,,,24.104,4.297,28.223,89.412,89.165,33.743,0.00224343,,-0.01149542,0.00903472,,JSOC,hmi.sharp_720s_nrt,2026-03-27 23:15:52,2026-03-27 23:15:52
19,13363,2026.03.27_21:12:00_TAI,14397,0.0,197.042,,1.539227e+22,4682783000000.0,15.073,449869800000.0,4.035054e+21,,1631.73,,,,24.555,5.364,28.901,88.309,88.163,33.646,0.002122,,-0.1209524,0.00878501,,JSOC,hmi.sharp_720s_nrt,2026-03-27 23:15:52,2026-03-27 23:15:52
20,13363,2026.03.27_21:24:00_TAI,14397,0.0,196.825,,1.53187e+22,4784504000000.0,12.549,376639600000.0,4.081719e+21,,1592.102,,,,24.359,4.569,28.648,86.743,86.731,33.186,0.00173207,,-0.09927712,0.00732929,,JSOC,hmi.sharp_720s_nrt,2026-03-27 23:15:52,2026-03-27 23:15:52
21,13363,2026.03.27_21:36:00_TAI,14397,0.0,194.035,,1.516201e+22,4750571000000.0,13.209,339173600000.0,4.125554e+21,,1547.2,,,,24.254,4.703,28.545,86.079,86.101,32.376,0.00179013,,-0.00167851,0.00765439,,JSOC,hmi.sharp_720s_nrt,2026-03-27 23:15:52,2026-03-27 23:15:52
22,13363,2026.03.27_21:48:00_TAI,14397,0.0,190.158,,1.506353e+22,4675097000000.0,13.827,356908700000.0,4.100852e+21,,1541.538,,,,24.309,4.961,28.59,84.507,84.844,31.736,0.00187924,,-0.02928688,0.0080914,,JSOC,hmi.sharp_720s_nrt,2026-03-27 23:15:52,2026-03-27 23:15:52
23,13363,2026.03.27_22:00:00_TAI,14397,0.0,183.085,,1.427912e+22,4438338000000.0,13.887,486824700000.0,4.03809e+21,,1501.885,,,,23.862,3.758,28.004,85.124,85.11,31.806,0.00194005,,-0.07358037,0.00823288,,JSOC,hmi.sharp_720s_nrt,2026-03-27 23:15:52,2026-03-27 23:15:52
24,13363,2026.03.27_22:12:00_TAI,14397,0.0,178.198,,1.44935e+22,4518806000000.0,14.71,694307700000.0,4.141804e+21,,1421.018,,,,24.325,4.648,28.809,80.963,80.972,30.771,0.00191534,,-0.02114761,0.00872516,,JSOC,hmi.sharp_720s_nrt,2026-03-27 23:15:52,2026-03-27 23:15:52
25,13364,2026.03.27_17:12:00_TAI,,0.0,61.42,,3.239045e+21,1616319000000.0,2.96,371562700000.0,1.347039e+21,,952.3463,,,,20.994,0.703,23.456,86.287,85.189,27.198,0.0011559,,-0.27710283,0.00589564,,JSOC,hmi.sharp_720s_nrt,2026-03-27 23:15:52,2026-03-27 23:15:52
26,13364,2026.03.27_17:24:00_TAI,,0.0,55.885,,3.085787e+21,1511931000000.0,1.429,158344100000.0,1.335268e+21,,919.8562,,,,20.487,0.713,23.037,87.043,86.21,26.61,0.0005657,,-0.11972623,0.00291232,,JSOC,hmi.sharp_720s_nrt,2026-03-27 23:15:52,2026-03-27 23:15:52
27,13364,2026.03.27_17:36:00_TAI,,0.0,55.549,,3.012955e+21,1496047000000.0,2.507,293853200000.0,1.351597e+21,,864.6021,,,,20.433,0.572,23.106,83.328,82.532,25.379,0.00095541,,-0.21388951,0.00513512,,JSOC,hmi.sharp_720s_nrt,2026-03-27 23:15:52,2026-03-27 23:15:52
28,13364,2026.03.27_17:48:00_TAI,,0.0,52.473,,2.821291e+21,1451782000000.0,4.426,545711500000.0,1.305402e+21,,835.0612,,,,20.327,0.354,22.994,83.923,83.112,25.767,0.00173985,,-0.40970424,0.00941575,,JSOC,hmi.sharp_720s_nrt,2026-03-27 23:15:52,2026-03-27 23:15:52
29,13364,2026.03.27_18:00:00_TAI,,0.0,51.648,,2.764844e+21,1450028000000.0,5.482,592141800000.0,1.322759e+21,,782.666,,,,20.526,0.526,22.924,79.095,78.666,24.384,0.00206075,,-0.42517674,0.01185812,,JSOC,hmi.sharp_720s_nrt,2026-03-27 23:15:52,2026-03-27 23:15:52
30,13364,2026.03.27_18:12:00_TAI,,0.0,49.391,,2.612403e+21,1373216000000.0,3.594,309035800000.0,1.284232e+21,,769.603,,,,19.934,0.352,22.411,77.364,76.96,22.856,0.00140662,,-0.23092653,0.00804284,,JSOC,hmi.sharp_720s_nrt,2026-03-27 23:15:52,2026-03-27 23:15:52
31,13364,2026.03.27_18:24:00_TAI,,0.0,47.682,,2.580721e+21,1362191000000.0,4.609,325972100000.0,1.265795e+21,,762.0585,,,,20.167,0.745,22.449,77.139,76.66,23.325,0.00180744,,-0.2441552,0.01057701,,JSOC,hmi.sharp_720s_nrt,2026-03-27 23:15:52,2026-03-27 23:15:52
32,13364,2026.03.27_19:24:00_TAI,,0.0,49.289,,2.691458e+21,1353245000000.0,4.729,404437200000.0,1.275029e+21,,822.1636,,,,20.048,0.203,22.464,79.812,78.867,24.538,0.00191844,,-0.31336591,0.01039197,,JSOC,hmi.sharp_720s_nrt,2026-03-27 23:15:52,2026-03-27 23:15:52
33,13370,2026.03.27_17:12:00_TAI,14398,3.116,347.423,,2.603555e+22,9151957000000.0,3.577,649979500000.0,5.958247e+21,,1672.02,,,,27.418,9.595,31.423,98.658,99.528,36.406,-0.00030514,,0.10587789,-0.00151269,,JSOC,hmi.sharp_720s_nrt,2026-03-27 23:15:52,2026-03-27 23:15:52
34,13370,2026.03.27_17:24:00_TAI,14398,3.078,346.4,,2.539387e+22,9086452000000.0,8.524,473164600000.0,5.960444e+21,,1634.435,,,,27.209,9.257,31.124,98.992,99.636,36.183,-0.00072861,,0.07724749,-0.00359222,,JSOC,hmi.sharp_720s_nrt,2026-03-27 23:15:52,2026-03-27 23:15:52
35,13370,2026.03.27_17:36:00_TAI,14398,3.165,342.842,,2.52311e+22,8943303000000.0,2.006,840542400000.0,5.991781e+21,,1611.56,,,,27.047,9.297,30.973,99.322,99.974,36.198,-0.00017018,,0.05501284,-0.00084243,,JSOC,hmi.sharp_720s_nrt,2026-03-27 23:15:52,2026-03-27 23:15:52
36,13370,2026.03.27_17:48:00_TAI,14398,2.639,334.151,,2.486458e+22,8689694000000.0,3.582,672799900000.0,5.923259e+21,,1610.832,,,,27.029,8.767,30.758,99.393,99.593,36.563,0.00030819,,0.06223913,0.00152082,,JSOC,hmi.sharp_720s_nrt,2026-03-27 23:15:52,2026-03-27 23:15:52
37,13370,2026.03.27_18:00:00_TAI,14398,2.642,337.914,,2.51415e+22,8787530000000.0,1.082,661589100000.0,5.929683e+21,,1616.395,,,,27.242,9.768,31.203,99.023,98.438,36.431,9.238e-05,,0.0417925,0.00046139,,JSOC,hmi.sharp_720s_nrt,2026-03-27 23:15:52,2026-03-27 23:15:52
38,13370,2026.03.27_18:12:00_TAI,14398,2.475,333.048,,2.4498e+22,8555865000000.0,4.152,945630000000.0,5.922344e+21,,1578.798,,,,26.894,9.201,30.814,99.117,98.51,36.062,0.00035535,,0.08247107,0.00177075,,JSOC,hmi.sharp_720s_nrt,2026-03-27 23:15:52,2026-03-27 23:15:52
39,13370,2026.03.27_18:24:00_TAI,14398,2.64,342.912,,2.465524e+22,8815723000000.0,3.143,458681200000.0,5.976014e+21,,1587.844,,,,26.79,9.049,30.814,100.759,100.346,36.56,-0.00026882,,0.07492863,-0.00132513,,JSOC,hmi.sharp_720s_nrt,2026-03-27 23:15:52,2026-03-27 23:15:52
40,13370,2026.03.27_18:36:00_TAI,14398,2.639,331.299,,2.478607e+22,8565032000000.0,6.916,250710500000.0,5.886217e+21,,1618.698,,,,27.076,9.159,30.846,100.347,99.448,36.665,-0.00059992,,0.04153062,-0.00296144,,JSOC,hmi.sharp_720s_nrt,2026-03-27 23:15:52,2026-03-27 23:15:52
41,13370,2026.03.27_19:12:00_TAI,14398,3.024,339.177,,2.504526e+22,8763304000000.0,8.26,616869500000.0,5.933146e+21,,1636.193,,,,26.948,8.659,30.837,100.511,99.499,37.149,-0.00071667,,0.03394885,-0.00348968,,JSOC,hmi.sharp_720s_nrt,2026-03-27 23:15:52,2026-03-27 23:15:52
42,13370,2026.03.27_19:24:00_TAI,14398,3.194,339.429,,2.490225e+22,8644675000000.0,0.979,1688744000000.0,5.859545e+21,,1659.24,,,,27.168,8.973,30.892,101.206,100.059,37.267,8.659e-05,,0.04478424,0.00041692,,JSOC,hmi.sharp_720s_nrt,2026-03-27 23:15:52,2026-03-27 23:15:52
43,13370,2026.03.27_19:36:00_TAI,14398,2.87,336.763,,2.464866e+22,8453698000000.0,0.939,1723473000000.0,5.781296e+21,,1690.049,,,,27.023,8.723,30.696,101.842,100.869,37.403,8.548e-05,,0.12013895,0.00040245,,JSOC,hmi.sharp_720s_nrt,2026-03-27 23:15:52,2026-03-27 23:15:52
44,13370,2026.03.27_19:48:00_TAI,14398,3.014,330.971,,2.41611e+22,8276938000000.0,8.226,934601500000.0,5.748236e+21,,1675.538,,,,26.639,8.326,30.688,99.7,98.889,36.915,-0.0007576,,0.03046808,-0.00355515,,JSOC,hmi.sharp_720s_nrt,2026-03-27 23:15:52,2026-03-27 23:15:52
45,13370,2026.03.27_20:00:00_TAI,14398,2.865,327.071,,2.411275e+22,8254117000000.0,7.982,1038875000000.0,5.740352e+21,,1671.877,,,,26.901,8.84,30.473,99.075,98.211,36.22,-0.00073497,,-0.02251668,-0.00347272,,JSOC,hmi.sharp_720s_nrt,2026-03-27 23:15:52,2026-03-27 23:15:52
46,13370,2026.03.27_20:12:00_TAI,14398,2.62,325.03,,2.375389e+22,8131322000000.0,4.028,1363688000000.0,5.68808e+21,,1674.754,,,,26.902,8.333,30.366,98.661,98.347,36.286,-0.00037715,,0.0050544,-0.0017647,,JSOC,hmi.sharp_720s_nrt,2026-03-27 23:15:52,2026-03-27 23:15:52
47,13370,2026.03.27_20:24:00_TAI,14398,2.844,317.139,,2.369381e+22,7863482000000.0,4.013,1504402000000.0,5.557555e+21,,1719.627,,,,27.15,8.752,30.683,98.962,98.873,36.168,-0.00038678,,0.07976726,-0.00178623,,JSOC,hmi.sharp_720s_nrt,2026-03-27 23:15:52,2026-03-27 23:15:52
48,13370,2026.03.27_20:36:00_TAI,14398,3.09,313.37,,2.339144e+22,7698493000000.0,5.343,982637300000.0,5.511292e+21,,1723.093,,,,26.849,7.621,30.172,98.346,98.205,35.49,-0.00052275,,-0.01658547,-0.0024092,,JSOC,hmi.sharp_720s_nrt,2026-03-27 23:15:52,2026-03-27 23:15:52
49,13370,2026.03.27_20:48:00_TAI,14398,2.992,298.513,,2.270559e+22,7379563000000.0,1.015,1349700000000.0,5.426808e+21,,1693.109,,,,26.853,7.308,30.055,95.776,96.301,34.156,0.00010054,,0.12583062,0.00046729,,JSOC,hmi.sharp_720s_nrt,2026-03-27 23:15:52,2026-03-27 23:15:52
50,13370,2026.03.27_21:00:00_TAI,14398,3.047,294.015,,2.279793e+22,7421730000000.0,1.146,1554601000000.0,5.426607e+21,,1664.554,,,,27.287,8.203,30.513,93.366,94.244,33.464,0.00011116,,0.08104759,0.0005354,,JSOC,hmi.sharp_720s_nrt,2026-03-27 23:15:52,2026-03-27 23:15:52
51,13370,2026.03.27_21:12:00_TAI,14398,3.091,290.089,,2.267633e+22,7499403000000.0,2.797,1399934000000.0,5.448404e+21,,1630.225,,,,27.187,8.43,30.425,91.779,93.028,32.578,0.00026708,,0.07990499,0.00131229,,JSOC,hmi.sharp_720s_nrt,2026-03-27 23:15:52,2026-03-27 23:15:52
52,13370,2026.03.27_21:24:00_TAI,14398,3.048,274.352,,2.122615e+22,6808980000000.0,6.08,1622555000000.0,5.221082e+21,,1643.666,,,,26.269,7.003,29.592,91.647,92.994,32.019,0.00062521,,0.07784757,0.00293648,,JSOC,hmi.sharp_720s_nrt,2026-03-27 23:15:52,2026-03-27 23:15:52
53,13370,2026.03.27_21:36:00_TAI,14398,3.044,279.758,,2.148873e+22,6942586000000.0,4.129,1237947000000.0,5.262778e+21,,1634.417,,,,26.263,6.707,29.555,92.084,93.365,32.042,0.00041702,,0.11978003,0.00199985,,JSOC,hmi.sharp_720s_nrt,2026-03-27 23:15:52,2026-03-27 23:15:52
54,13370,2026.03.27_21:48:00_TAI,14398,3.274,276.455,,2.125277e+22,6869411000000.0,6.344,1586171000000.0,5.248731e+21,,1617.942,,,,26.165,6.582,29.311,90.488,91.575,31.133,0.00064139,,0.13114774,0.00309395,,JSOC,hmi.sharp_720s_nrt,2026-03-27 23:15:52,2026-03-27 23:15:52
55,13370,2026.03.27_22:00:00_TAI,14398,3.312,275.016,,2.139309e+22,7059005000000.0,7.026,1741195000000.0,5.290165e+21,,1577.739,,,,26.693,7.816,29.8,88.653,90.263,31.005,0.00068813,,0.06191505,0.00344209,,JSOC,hmi.sharp_720s_nrt,2026-03-27 23:15:52,2026-03-27 23:15:52
56,13371,2026.03.27_17:12:00_TAI,14400,3.425,286.657,,8.507848e+22,5616463000000.0,48.736,2642317000000.0,6.395719e+21,,5659.775,,,,38.301,33.033,41.017,73.689,113.853,26.107,0.00438905,,-0.2307703,0.01515801,,JSOC,hmi.sharp_720s_nrt,2026-03-27 23:15:52,2026-03-27 23:15:52
57,13371,2026.03.27_17:24:00_TAI,14400,3.68,303.842,,7.737362e+22,5874897000000.0,26.981,1478815000000.0,6.163832e+21,,5328.455,,,,38.585,31.928,40.926,67.366,107.556,26.31,0.00252181,,-0.02124884,0.00860952,,JSOC,hmi.sharp_720s_nrt,2026-03-27 23:15:52,2026-03-27 23:15:52
58,13371,2026.03.27_17:36:00_TAI,14400,3.358,284.139,,7.813512e+22,5313782000000.0,1.346,748316200000.0,5.982153e+21,,5523.35,,,,38.125,34.003,41.599,66.725,107.341,25.531,0.00012962,,-0.09684161,0.00044873,,JSOC,hmi.sharp_720s_nrt,2026-03-27 23:15:52,2026-03-27 23:15:52
59,13371,2026.03.27_17:48:00_TAI,14400,3.29,311.258,,8.61251e+22,5711908000000.0,2.157,125666700000.0,5.925138e+21,,6103.056,,,,37.732,34.067,42.113,72.985,119.595,29.494,0.0002079,,-0.02313209,0.00072379,,JSOC,hmi.sharp_720s_nrt,2026-03-27 23:15:52,2026-03-27 23:15:52
60,13371,2026.03.27_18:00:00_TAI,14400,3.38,267.096,,7.297953e+22,5342402000000.0,3.008,669373200000.0,5.623808e+21,,5254.101,,,,38.384,33.454,42.031,68.998,111.657,25.379,0.00029508,,-0.12541489,0.00108142,,JSOC,hmi.sharp_720s_nrt,2026-03-27 23:15:52,2026-03-27 23:15:52
61,13371,2026.03.27_18:12:00_TAI,14400,3.371,236.51,,6.650119e+22,4456732000000.0,19.817,628594500000.0,5.427637e+21,,5284.353,,,,37.579,32.187,40.919,64.331,100.92,25.971,-0.00214536,,-0.09871195,-0.00699551,,JSOC,hmi.sharp_720s_nrt,2026-03-27 23:15:52,2026-03-27 23:15:52
62,13371,2026.03.27_18:24:00_TAI,14400,3.428,227.951,,6.50798e+22,4462067000000.0,1.787,757534900000.0,5.376585e+21,,5015.273,,,,37.543,32.648,41.66,67.595,101.567,25.555,0.00018806,,-0.15225363,0.0006511,,JSOC,hmi.sharp_720s_nrt,2026-03-27 23:15:52,2026-03-27 23:15:52
63,13371,2026.03.27_18:36:00_TAI,14400,3.327,237.57,,6.948571e+22,4438244000000.0,22.746,910072600000.0,5.067581e+21,,5519.181,,,,39.232,36.857,43.234,72.302,111.764,25.19,-0.00247485,,0.18912047,-0.00886682,,JSOC,hmi.sharp_720s_nrt,2026-03-27 23:15:52,2026-03-27 23:15:52
64,13371,2026.03.27_19:12:00_TAI,14400,3.173,199.864,,6.551174e+22,3940972000000.0,0.71,146404100000.0,4.448404e+21,,6049.728,,,,40.801,38.729,42.726,76.195,122.671,28.173,8.964e-05,,0.03140653,0.00031192,,JSOC,hmi.sharp_720s_nrt,2026-03-27 23:15:52,2026-03-27 23:15:52
65,13371,2026.03.27_19:24:00_TAI,14400,3.118,196.508,,6.190656e+22,3596147000000.0,8.193,315784500000.0,4.470349e+21,,5829.769,,,,39.129,34.917,42.394,66.602,105.077,24.614,0.00105073,,-0.06963847,0.00357268,,JSOC,hmi.sharp_720s_nrt,2026-03-27 23:15:52,2026-03-27 23:15:52
66,13371,2026.03.27_19:36:00_TAI,14400,3.158,195.901,,5.813032e+22,3535483000000.0,13.002,135340000000.0,4.008944e+21,,6353.805,,,,39.457,35.898,42.52,81.232,130.233,28.906,0.00195085,,0.03878288,0.00604128,,JSOC,hmi.sharp_720s_nrt,2026-03-27 23:15:52,2026-03-27 23:15:52
67,13371,2026.03.27_19:48:00_TAI,14400,3.267,174.348,,5.608242e+22,3196671000000.0,59.701,1980658000000.0,4.011721e+21,,6159.469,,,,38.279,34.043,42.42,68.474,108.082,27.249,0.0089333,,0.03434624,0.02866449,,JSOC,hmi.sharp_720s_nrt,2026-03-27 23:15:52,2026-03-27 23:15:52
68,13371,2026.03.27_20:00:00_TAI,14400,3.062,187.864,,5.486935e+22,3477481000000.0,15.391,94521020000.0,3.954274e+21,,5893.852,,,,40.453,36.32,42.709,69.628,117.188,26.905,0.00226436,,0.02655934,0.00746341,,JSOC,hmi.sharp_720s_nrt,2026-03-27 23:15:52,2026-03-27 23:15:52
69,13371,2026.03.27_20:12:00_TAI,14400,2.679,181.546,,5.566284e+22,3523566000000.0,26.562,690314600000.0,3.841766e+21,,6028.97,,,,42.104,37.5,43.215,70.278,122.545,26.411,0.00394102,,0.0527035,0.01339046,,JSOC,hmi.sharp_720s_nrt,2026-03-27 23:15:52,2026-03-27 23:15:52
70,13371,2026.03.27_20:24:00_TAI,14400,2.815,191.501,,5.611519e+22,3885409000000.0,19.8,143667100000.0,3.801072e+21,,6050.115,,,,41.295,36.598,43.006,72.517,120.63,26.08,0.00290742,,0.01697959,0.01029823,,JSOC,hmi.sharp_720s_nrt,2026-03-27 23:15:52,2026-03-27 23:15:52
71,13371,2026.03.27_20:36:00_TAI,14400,3.521,169.151,,5.585865e+22,3246755000000.0,11.589,204246900000.0,3.713223e+21,,6363.214,,,,40.849,37.534,43.391,73.22,123.82,28.083,0.00179087,,0.06023694,0.00605918,,JSOC,hmi.sharp_720s_nrt,2026-03-27 23:15:52,2026-03-27 23:15:52
72,13371,2026.03.27_20:48:00_TAI,14400,3.722,166.78,,5.521437e+22,3383084000000.0,7.25,1274446000000.0,3.575437e+21,,6541.174,,,,38.965,35.069,42.637,76.061,127.188,29.343,0.00116615,,-0.02731411,0.00405202,,JSOC,hmi.sharp_720s_nrt,2026-03-27 23:15:52,2026-03-27 23:15:52
73,13371,2026.03.27_21:00:00_TAI,14400,3.765,149.391,,5.802235e+22,3171529000000.0,26.205,857773400000.0,3.747656e+21,,6195.416,,,,40.509,36.259,44.62,71.84,120.157,27.774,0.0038094,,0.01204851,0.01437513,,JSOC,hmi.sharp_720s_nrt,2026-03-27 23:15:52,2026-03-27 23:15:52
74,13371,2026.03.27_21:12:00_TAI,14400,3.96,147.457,,5.075464e+22,3221031000000.0,50.327,2170506000000.0,3.90482e+21,,5137.461,,,,42.665,40.153,46.422,61.025,97.001,26.949,0.00695315,,-0.00360523,0.0255705,,JSOC,hmi.sharp_720s_nrt,2026-03-27 23:15:52,2026-03-27 23:15:52
75,13371,2026.03.27_21:24:00_TAI,14400,4.234,151.352,,4.615347e+22,2928244000000.0,44.934,3191144000000.0,3.75755e+21,,5304.173,,,,39.979,35.821,44.307,52.173,79.465,26.363,0.00707518,,-0.07176883,0.02363446,,JSOC,hmi.sharp_720s_nrt,2026-03-27 23:15:52,2026-03-27 23:15:52
76,13371,2026.03.27_21:36:00_TAI,14400,4.122,140.826,,4.962226e+22,3053064000000.0,36.631,2706504000000.0,3.550994e+21,,5705.437,,,,41.781,40.159,45.604,71.116,109.609,31.184,0.00576046,,-0.02392267,0.02081974,,JSOC,hmi.sharp_720s_nrt,2026-03-27 23:15:52,2026-03-27 23:15:52
77,13371,2026.03.27_21:48:00_TAI,14400,4.191,121.266,,4.314639e+22,2480370000000.0,5.259,624669600000.0,3.308396e+21,,5652.169,,,,40.742,36.082,43.892,69.621,106.434,30.18,-0.00094188,,0.01951286,-0.00311386,,JSOC,hmi.sharp_720s_nrt,2026-03-27 23:15:52,2026-03-27 23:15:52
78,13371,2026.03.27_22:00:00_TAI,14400,4.264,124.41,,4.169819e+22,2535589000000.0,32.094,2413110000000.0,3.347212e+21,,5476.748,,,,40.098,34.45,43.954,58.062,89.28,26.538,-0.00585871,,-0.09630896,-0.01894913,,JSOC,hmi.sharp_720s_nrt,2026-03-27 23:15:52,2026-03-27 23:15:52
79,13372,2026.03.27_17:12:00_TAI,,0.0,57.94,,3.090719e+21,1759249000000.0,3.784,652401700000.0,9.140096e+20,,1194.085,,,,24.62,6.978,28.125,105.341,105.832,33.191,0.00194146,,0.63932502,0.01299617,,JSOC,hmi.sharp_720s_nrt,2026-03-27 23:15:52,2026-03-27 23:15:52
80,13372,2026.03.27_17:24:00_TAI,,0.0,53.251,,2.906812e+21,1616258000000.0,1.386,269632500000.0,8.616187e+20,,1197.369,,,,24.505,5.963,28.105,103.903,104.231,33.932,0.00075829,,0.26915988,0.00500836,,JSOC,hmi.sharp_720s_nrt,2026-03-27 23:15:52,2026-03-27 23:15:52
81,13372,2026.03.27_17:36:00_TAI,,0.0,49.671,,2.787211e+21,1507334000000.0,3.555,495560200000.0,8.48743e+20,,1173.788,,,,23.971,4.922,27.618,104.237,104.37,34.192,0.00198842,,0.52936089,0.01309489,,JSOC,hmi.sharp_720s_nrt,2026-03-27 23:15:52,2026-03-27 23:15:52
82,13372,2026.03.27_17:48:00_TAI,,0.0,51.144,,2.794343e+21,1568737000000.0,4.575,439431100000.0,8.644502e+20,,1140.435,,,,24.245,5.854,27.626,104.648,104.3,34.327,0.00247968,,0.44722658,0.01668934,,JSOC,hmi.sharp_720s_nrt,2026-03-27 23:15:52,2026-03-27 23:15:52
83,13372,2026.03.27_18:00:00_TAI,,0.0,49.29,,2.86655e+21,1500412000000.0,6.158,778652700000.0,8.733699e+20,,1162.345,,,,24.082,5.223,27.57,104.813,104.234,34.118,0.00331601,,0.80086136,0.02221636,,JSOC,hmi.sharp_720s_nrt,2026-03-27 23:15:52,2026-03-27 23:15:52
84,13372,2026.03.27_18:12:00_TAI,,0.0,49.685,,2.846435e+21,1531427000000.0,3.077,416777000000.0,8.837786e+20,,1128.067,,,,24.002,4.526,27.435,103.597,102.616,34.283,0.00161961,,0.40960693,0.01103483,,JSOC,hmi.sharp_720s_nrt,2026-03-27 23:15:52,2026-03-27 23:15:52
85,13372,2026.03.27_18:24:00_TAI,,0.0,51.052,,2.795431e+21,1537177000000.0,6.195,844589300000.0,8.541649e+20,,1164.227,,,,23.839,4.591,27.877,107.96,106.545,36.273,0.00342662,,0.86217374,0.02261214,,JSOC,hmi.sharp_720s_nrt,2026-03-27 23:15:52,2026-03-27 23:15:52
86,13372,2026.03.27_18:36:00_TAI,,0.0,48.349,,2.795403e+21,1454391000000.0,4.561,614989700000.0,8.386209e+20,,1198.692,,,,23.747,4.841,27.313,109.405,107.76,36.745,0.0025974,,0.6689114,0.01669776,,JSOC,hmi.sharp_720s_nrt,2026-03-27 23:15:52,2026-03-27 23:15:52
87,13372,2026.03.27_19:12:00_TAI,,0.0,48.476,,2.932786e+21,1426491000000.0,4.593,636240000000.0,8.302387e+20,,1310.593,,,,23.787,5.163,28.16,115.116,112.451,40.002,0.0027257,,0.72117609,0.01645634,,JSOC,hmi.sharp_720s_nrt,2026-03-27 23:15:52,2026-03-27 23:15:52
88,13372,2026.03.27_19:24:00_TAI,,0.0,51.997,,3.011716e+21,1572258000000.0,7.051,805098700000.0,8.399393e+20,,1293.658,,,,24.482,5.134,28.228,114.981,111.544,40.647,0.00402234,,0.87717193,0.0255541,,JSOC,hmi.sharp_720s_nrt,2026-03-27 23:15:52,2026-03-27 23:15:52
89,13372,2026.03.27_19:36:00_TAI,,0.0,50.997,,3.002696e+21,1532458000000.0,7.453,766013900000.0,8.131064e+20,,1346.629,,,,24.566,5.777,28.13,116.561,112.71,42.207,0.00443873,,0.87136507,0.02760874,,JSOC,hmi.sharp_720s_nrt,2026-03-27 23:15:52,2026-03-27 23:15:52
90,13372,2026.03.27_19:48:00_TAI,,0.0,54.477,,3.269985e+21,1648462000000.0,6.803,746185600000.0,8.348862e+20,,1392.679,,,,25.686,6.9,28.738,116.951,112.67,42.034,0.00384762,,0.7803815,0.02501037,,JSOC,hmi.sharp_720s_nrt,2026-03-27 23:15:52,2026-03-27 23:15:52
91,13372,2026.03.27_20:00:00_TAI,,0.0,51.582,,3.076378e+21,1550956000000.0,5.382,503598900000.0,8.269678e+20,,1313.938,,,,25.617,6.466,28.254,110.031,106.174,39.613,0.00305282,,0.50206399,0.02017578,,JSOC,hmi.sharp_720s_nrt,2026-03-27 23:15:52,2026-03-27 23:15:52
92,13372,2026.03.27_20:12:00_TAI,,0.0,51.05,,3.13569e+21,1567831000000.0,3.716,225126800000.0,8.290326e+20,,1333.221,,,,26.014,6.606,28.494,107.411,104.044,38.822,0.0020983,,0.24277833,0.01410554,,JSOC,hmi.sharp_720s_nrt,2026-03-27 23:15:52,2026-03-27 23:15:52
93,13372,2026.03.27_20:24:00_TAI,,0.0,49.523,,3.122194e+21,1542366000000.0,2.924,337187000000.0,8.361254e+20,,1294.588,,,,26.029,7.048,28.777,104.226,101.487,37.301,0.00161023,,0.3270016,0.01121918,,JSOC,hmi.sharp_720s_nrt,2026-03-27 23:15:52,2026-03-27 23:15:52
94,13372,2026.03.27_20:36:00_TAI,,0.0,49.189,,3.132625e+21,1587479000000.0,3.022,301011900000.0,8.417572e+20,,1284.064,,,,26.549,7.948,28.996,100.267,98.195,35.907,0.00164518,,0.27830243,0.01160095,,JSOC,hmi.sharp_720s_nrt,2026-03-27 23:15:52,2026-03-27 23:15:52
95,13372,2026.03.27_20:48:00_TAI,,0.0,49.008,,3.068942e+21,1558605000000.0,5.703,645677500000.0,8.330888e+20,,1271.107,,,,27.271,7.756,29.361,98.658,97.873,34.529,0.00313704,,0.65472025,0.0217497,,JSOC,hmi.sharp_720s_nrt,2026-03-27 23:15:52,2026-03-27 23:15:52
96,13372,2026.03.27_21:00:00_TAI,,0.0,52.438,,3.133696e+21,1639830000000.0,4.37,411684500000.0,8.58166e+20,,1268.619,,,,26.712,7.043,29.063,99.502,98.731,34.809,0.00234968,,0.38889527,0.01613517,,JSOC,hmi.sharp_720s_nrt,2026-03-27 23:15:52,2026-03-27 23:15:52
97,13372,2026.03.27_21:12:00_TAI,,0.0,51.802,,3.22014e+21,1686453000000.0,4.084,386217800000.0,8.745017e+20,,1253.087,,,,27.839,9.302,29.522,97.607,97.588,33.647,0.00211084,,0.36650348,0.01496593,,JSOC,hmi.sharp_720s_nrt,2026-03-27 23:15:52,2026-03-27 23:15:52
98,13372,2026.03.27_21:24:00_TAI,,0.0,49.497,,3.096192e+21,1546461000000.0,4.054,534640500000.0,8.54569e+20,,1283.806,,,,26.645,7.214,28.811,98.766,99.652,32.154,0.00223262,,0.54115111,0.01492836,,JSOC,hmi.sharp_720s_nrt,2026-03-27 23:15:52,2026-03-27 23:15:52
99,13372,2026.03.27_21:36:00_TAI,,0.0,51.08,,3.030043e+21,1561052000000.0,4.268,593821400000.0,8.558236e+20,,1266.842,,,,25.909,7.496,29.012,101.615,102.737,33.298,0.00236968,,0.62357384,0.0154117,,JSOC,hmi.sharp_720s_nrt,2026-03-27 23:15:52,2026-03-27 23:15:52
100,13372,2026.03.27_21:48:00_TAI,,0.0,50.527,,3.01441e+21,1500161000000.0,4.828,400309400000.0,8.480459e+20,,1291.868,,,,25.59,5.464,28.444,99.354,101.932,32.092,0.00274808,,0.43507975,0.01748329,,JSOC,hmi.sharp_720s_nrt,2026-03-27 23:15:52,2026-03-27 23:15:52
101,13372,2026.03.27_22:00:00_TAI,,0.0,48.575,,2.850632e+21,1503905000000.0,5.564,666288300000.0,8.468248e+20,,1194.485,,,,25.647,6.566,28.413,97.487,99.13,31.017,0.0030965,,0.66423982,0.02047517,,JSOC,hmi.sharp_720s_nrt,2026-03-27 23:15:52,2026-03-27 23:15:52
102,13376,2026.03.27_17:12:00_TAI,14399,2.221,498.368,,2.070803e+23,11732320000000.0,60.913,1957318000000.0,6.94604e+21,,11808.31,,,,51.312,58.41,61.13,82.292,81.767,53.514,0.00461323,,-0.04798814,0.01112951,,JSOC,hmi.sharp_720s_nrt,2026-03-27 23:15:52,2026-03-27 23:15:52
103,13376,2026.03.27_17:24:00_TAI,14399,2.233,525.414,,2.073375e+23,12585030000000.0,57.194,1925905000000.0,7.126406e+21,,11321.42,,,,50.315,56.875,60.313,83.381,82.42,53.358,0.0041484,,-0.00868299,0.01037539,,JSOC,hmi.sharp_720s_nrt,2026-03-27 23:15:52,2026-03-27 23:15:52
104,13376,2026.03.27_17:36:00_TAI,14399,2.243,550.024,,2.116369e+23,13436420000000.0,63.865,2209824000000.0,7.237564e+21,,11116.83,,,,50.237,56.442,60.058,83.546,82.278,53.187,0.00445552,,0.07052068,0.01160437,,JSOC,hmi.sharp_720s_nrt,2026-03-27 23:15:52,2026-03-27 23:15:52
105,13376,2026.03.27_17:48:00_TAI,14399,2.239,559.448,,2.113506e+23,14044330000000.0,68.458,2075082000000.0,7.341135e+21,,10794.56,,,,49.343,54.534,59.385,83.696,82.519,52.847,0.00464405,,0.10008958,0.0124186,,JSOC,hmi.sharp_720s_nrt,2026-03-27 23:15:52,2026-03-27 23:15:52
106,13376,2026.03.27_18:00:00_TAI,14399,2.44,561.171,,2.108256e+23,14399870000000.0,69.548,2290711000000.0,7.385871e+21,,10605.89,,,,48.951,53.695,58.923,84.453,83.638,53.046,0.00464706,,0.14852773,0.01268263,,JSOC,hmi.sharp_720s_nrt,2026-03-27 23:15:52,2026-03-27 23:15:52
107,13376,2026.03.27_18:12:00_TAI,14399,2.872,586.734,,2.139713e+23,15208700000000.0,68.01,2783326000000.0,7.516688e+21,,10457.43,,,,48.617,52.749,58.543,84.837,83.871,52.89,0.00441425,,0.11716578,0.01238465,,JSOC,hmi.sharp_720s_nrt,2026-03-27 23:15:52,2026-03-27 23:15:52
108,13376,2026.03.27_18:24:00_TAI,14399,2.265,616.314,,2.148742e+23,16228140000000.0,69.907,2545592000000.0,7.598867e+21,,10121.2,,,,48.636,52.602,58.75,83.901,83.056,52.064,0.00437328,,0.17407353,0.01272481,,JSOC,hmi.sharp_720s_nrt,2026-03-27 23:15:52,2026-03-27 23:15:52
109,13376,2026.03.27_18:36:00_TAI,14399,2.264,599.399,,2.1444e+23,15588380000000.0,63.403,1954406000000.0,7.489492e+21,,10274.28,,,,49.257,53.614,59.322,82.47,82.083,51.472,0.00403454,,0.08873048,0.01160308,,JSOC,hmi.sharp_720s_nrt,2026-03-27 23:15:52,2026-03-27 23:15:52
110,13376,2026.03.27_19:12:00_TAI,14399,2.953,514.058,,2.07832e+23,12352270000000.0,56.777,2860645000000.0,6.905446e+21,,11388.9,,,,50.644,56.794,60.716,78.436,79.642,50.007,0.00413197,,0.1320051,0.01073674,,JSOC,hmi.sharp_720s_nrt,2026-03-27 23:15:52,2026-03-27 23:15:52
111,13376,2026.03.27_19:24:00_TAI,14399,2.316,498.574,,2.056692e+23,11743220000000.0,58.289,2884649000000.0,6.800804e+21,,11676.56,,,,50.814,57.167,60.873,79.238,80.409,50.895,0.00439522,,0.09875936,0.01107465,,JSOC,hmi.sharp_720s_nrt,2026-03-27 23:15:52,2026-03-27 23:15:52
112,13376,2026.03.27_19:36:00_TAI,14399,2.589,493.317,,2.03535e+23,11312430000000.0,54.032,1929607000000.0,6.701541e+21,,12038.27,,,,51.018,57.757,60.908,79.147,80.301,51.848,0.00424414,,0.12339962,0.01032427,,JSOC,hmi.sharp_720s_nrt,2026-03-27 23:15:52,2026-03-27 23:15:52
113,13376,2026.03.27_19:48:00_TAI,14399,0.0,468.53,,2.009608e+23,10905010000000.0,51.324,1178398000000.0,6.541007e+21,,12044.0,,,,51.33,58.572,61.556,78.117,79.058,51.974,0.004085,,0.09721901,0.00999118,,JSOC,hmi.sharp_720s_nrt,2026-03-27 23:15:52,2026-03-27 23:15:52
114,13376,2026.03.27_20:00:00_TAI,14399,3.18,458.95,,1.994473e+23,10644690000000.0,64.33,2583517000000.0,6.442824e+21,,12035.68,,,,51.511,58.631,61.853,77.652,78.321,52.536,0.00515548,,0.13149893,0.01274182,,JSOC,hmi.sharp_720s_nrt,2026-03-27 23:15:52,2026-03-27 23:15:52
115,13376,2026.03.27_20:12:00_TAI,14399,3.026,448.996,,1.984338e+23,10289530000000.0,58.903,2252528000000.0,6.380537e+21,,12049.85,,,,51.768,59.065,62.261,77.288,77.616,52.65,0.00475024,,0.12818807,0.01180302,,JSOC,hmi.sharp_720s_nrt,2026-03-27 23:15:52,2026-03-27 23:15:52
116,13376,2026.03.27_20:24:00_TAI,14399,3.031,452.989,,1.981219e+23,10364680000000.0,63.322,2661746000000.0,6.371678e+21,,12020.24,,,,51.591,59.141,62.126,77.865,77.675,53.572,0.00510249,,0.13024561,0.01282695,,JSOC,hmi.sharp_720s_nrt,2026-03-27 23:15:52,2026-03-27 23:15:52
117,13376,2026.03.27_20:36:00_TAI,14399,3.037,457.383,,1.969778e+23,10592770000000.0,51.46,1524717000000.0,6.338091e+21,,12008.88,,,,51.706,59.364,62.111,78.708,77.771,54.031,0.00416678,,0.07586639,0.01058114,,JSOC,hmi.sharp_720s_nrt,2026-03-27 23:15:52,2026-03-27 23:15:52
118,13376,2026.03.27_20:48:00_TAI,14399,2.631,465.383,,1.961929e+23,11090590000000.0,54.604,1893850000000.0,6.439022e+21,,11667.25,,,,51.245,58.964,61.601,79.544,78.264,54.681,0.00431242,,0.10839888,0.01125472,,JSOC,hmi.sharp_720s_nrt,2026-03-27 23:15:52,2026-03-27 23:15:52
119,13376,2026.03.27_21:00:00_TAI,14399,2.963,472.529,,1.954348e+23,11188960000000.0,62.909,2278154000000.0,6.389624e+21,,11596.52,,,,51.456,59.448,61.932,79.674,77.65,55.111,0.00495773,,0.20747449,0.01311037,,JSOC,hmi.sharp_720s_nrt,2026-03-27 23:15:52,2026-03-27 23:15:52
120,13376,2026.03.27_21:12:00_TAI,14399,2.488,477.086,,1.960553e+23,11341570000000.0,52.988,1105509000000.0,6.473623e+21,,11263.22,,,,51.099,58.068,61.722,78.539,77.208,54.655,0.00404274,,0.06715307,0.01102888,,JSOC,hmi.sharp_720s_nrt,2026-03-27 23:15:52,2026-03-27 23:15:52
121,13376,2026.03.27_21:24:00_TAI,14399,3.143,470.66,,1.967633e+23,11415280000000.0,50.033,871581900000.0,6.487459e+21,,11295.28,,,,51.598,58.878,61.705,78.425,77.138,54.485,0.00381439,,0.12391956,0.01035308,,JSOC,hmi.sharp_720s_nrt,2026-03-27 23:15:52,2026-03-27 23:15:52
122,13376,2026.03.27_21:36:00_TAI,14399,3.456,477.743,,1.964064e+23,11402440000000.0,48.699,355349900000.0,6.472549e+21,,11484.93,,,,51.192,58.74,61.451,79.405,77.482,54.952,0.00378183,,0.05269809,0.01004242,,JSOC,hmi.sharp_720s_nrt,2026-03-27 23:15:52,2026-03-27 23:15:52
123,13376,2026.03.27_21:48:00_TAI,14399,3.079,483.836,,1.967145e+23,11701990000000.0,42.386,203544900000.0,6.554936e+21,,11109.54,,,,51.224,58.524,61.225,78.486,76.275,54.292,0.00317926,,-0.01230785,0.00868026,,JSOC,hmi.sharp_720s_nrt,2026-03-27 23:15:52,2026-03-27 23:15:52
124,13376,2026.03.27_22:00:00_TAI,14399,3.249,499.327,,1.981825e+23,12310920000000.0,40.059,510519800000.0,6.700764e+21,,10897.39,,,,50.829,57.405,60.679,79.454,77.068,54.859,0.00292547,,-0.03023319,0.00812427,,JSOC,hmi.sharp_720s_nrt,2026-03-27 23:15:52,2026-03-27 23:15:52
125,13377,2026.03.27_17:12:00_TAI,"14401,14402",4.489,3031.332,,7.29108e+23,75845250000000.0,400.322,13071230000000.0,4.134522e+22,,7139.628,,,,44.078,43.373,51.045,98.554,99.471,55.08,-0.00520622,,-0.04739856,-0.01515047,,JSOC,hmi.sharp_720s_nrt,2026-03-27 23:15:52,2026-03-27 23:15:52
126,13377,2026.03.27_17:24:00_TAI,"14401,14402",4.476,3029.936,,7.33489e+23,77389120000000.0,416.777,13836290000000.0,4.155446e+22,,7055.36,,,,44.223,43.636,51.242,97.699,98.942,54.936,-0.00532418,,-0.00159192,-0.0157399,,JSOC,hmi.sharp_720s_nrt,2026-03-27 23:15:52,2026-03-27 23:15:52
127,13377,2026.03.27_17:36:00_TAI,"14401,14402",4.463,3081.496,,7.340534e+23,78311020000000.0,427.013,13967200000000.0,4.174086e+22,,7066.024,,,,43.975,43.084,50.864,98.312,99.767,54.922,-0.00545892,,-0.02367476,-0.01608971,,JSOC,hmi.sharp_720s_nrt,2026-03-27 23:15:52,2026-03-27 23:15:52
128,13377,2026.03.27_17:48:00_TAI,"14401,14402",4.511,3108.688,,7.335196e+23,79030750000000.0,395.583,10645640000000.0,4.188489e+22,,7019.874,,,,43.888,42.943,50.594,98.029,99.686,54.484,-0.00502768,,-0.06458124,-0.01489982,,JSOC,hmi.sharp_720s_nrt,2026-03-27 23:15:52,2026-03-27 23:15:52
129,13377,2026.03.27_18:00:00_TAI,"14401,14402",4.492,3097.661,,7.29451e+23,79088240000000.0,410.884,10964640000000.0,4.182442e+22,,6992.312,,,,43.773,42.473,50.643,98.318,100.359,54.21,-0.00523085,,0.03123916,-0.01551468,,JSOC,hmi.sharp_720s_nrt,2026-03-27 23:15:52,2026-03-27 23:15:52
130,13377,2026.03.27_18:12:00_TAI,"14401,14402",4.453,3086.58,,7.287844e+23,78718080000000.0,421.239,14085920000000.0,4.17198e+22,,7025.182,,,,43.646,42.421,50.408,97.711,99.88,53.958,-0.00539269,,0.03117646,-0.01595417,,JSOC,hmi.sharp_720s_nrt,2026-03-27 23:15:52,2026-03-27 23:15:52
131,13377,2026.03.27_18:24:00_TAI,"14401,14402",4.493,3053.729,,7.230434e+23,76572090000000.0,396.887,10956130000000.0,4.15889e+22,,7092.046,,,,43.285,41.93,50.069,97.388,100.372,53.432,-0.00517002,,0.06171168,-0.01508071,,JSOC,hmi.sharp_720s_nrt,2026-03-27 23:15:52,2026-03-27 23:15:52
132,13377,2026.03.27_18:36:00_TAI,"14401,14402",4.468,3021.633,,7.185832e+23,75811240000000.0,393.964,11424370000000.0,4.141846e+22,,7085.495,,,,43.244,42.015,50.028,97.07,99.764,52.943,-0.00515902,,0.07755981,-0.01503061,,JSOC,hmi.sharp_720s_nrt,2026-03-27 23:15:52,2026-03-27 23:15:52
133,13377,2026.03.27_19:12:00_TAI,"14401,14402",4.421,2855.087,,7.118469e+23,71061540000000.0,382.324,8691320000000.0,4.065516e+22,,7119.102,,,,43.68,42.692,50.381,94.994,97.705,51.958,-0.00507795,,0.11221617,-0.01486932,,JSOC,hmi.sharp_720s_nrt,2026-03-27 23:15:52,2026-03-27 23:15:52
134,13377,2026.03.27_19:24:00_TAI,"14401,14402",4.43,2828.791,,7.095307e+23,70692680000000.0,375.758,9648447000000.0,4.076494e+22,,7059.092,,,,43.623,42.492,50.242,94.325,96.659,51.583,-0.00496489,,0.14770307,-0.01464821,,JSOC,hmi.sharp_720s_nrt,2026-03-27 23:15:52,2026-03-27 23:15:52
135,13377,2026.03.27_19:36:00_TAI,"14401,14402",4.401,2799.995,,7.072652e+23,70065350000000.0,389.453,10119060000000.0,4.076248e+22,,6980.841,,,,43.689,42.456,50.397,93.549,95.687,51.41,-0.00510504,,0.14924137,-0.01528327,,JSOC,hmi.sharp_720s_nrt,2026-03-27 23:15:52,2026-03-27 23:15:52
136,13377,2026.03.27_19:48:00_TAI,"14401,14402",4.411,2842.395,,7.096968e+23,71840920000000.0,379.627,9859892000000.0,4.08907e+22,,6918.775,,,,43.657,42.549,50.42,93.178,95.047,51.533,-0.00491522,,0.0781026,-0.01498721,,JSOC,hmi.sharp_720s_nrt,2026-03-27 23:15:52,2026-03-27 23:15:52
137,13377,2026.03.27_20:00:00_TAI,"14401,14402",4.389,2810.029,,7.090064e+23,70748030000000.0,400.647,14030210000000.0,4.083155e+22,,6926.393,,,,43.618,42.522,50.323,93.382,95.098,51.86,-0.00519794,,0.09108434,-0.01591007,,JSOC,hmi.sharp_720s_nrt,2026-03-27 23:15:52,2026-03-27 23:15:52
138,13377,2026.03.27_20:12:00_TAI,"14401,14402",4.385,2847.015,,7.068105e+23,70702140000000.0,393.473,13358700000000.0,4.064275e+22,,6902.166,,,,43.743,42.658,50.513,93.206,94.591,51.912,-0.00510302,,0.09408485,-0.01576923,,JSOC,hmi.sharp_720s_nrt,2026-03-27 23:15:52,2026-03-27 23:15:52
139,13377,2026.03.27_20:24:00_TAI,"14401,14402",4.272,2809.51,,7.106133e+23,71004340000000.0,395.785,14084790000000.0,4.076792e+22,,6907.231,,,,43.684,42.862,50.387,93.534,94.783,52.094,-0.00510908,,0.08835281,-0.0159022,,JSOC,hmi.sharp_720s_nrt,2026-03-27 23:15:52,2026-03-27 23:15:52
140,13377,2026.03.27_20:36:00_TAI,"14401,14402",4.227,2823.575,,7.091997e+23,71386140000000.0,397.853,14464010000000.0,4.074879e+22,,6872.114,,,,43.752,42.931,50.506,93.413,94.493,52.315,-0.00512017,,0.10645394,-0.01602982,,JSOC,hmi.sharp_720s_nrt,2026-03-27 23:15:52,2026-03-27 23:15:52
141,13377,2026.03.27_20:48:00_TAI,"14401,14402",4.228,2850.277,,7.04712e+23,71426850000000.0,386.842,13549170000000.0,4.063167e+22,,6864.491,,,,43.59,42.699,50.482,93.751,94.653,52.549,-0.00500448,,0.12381703,-0.01563154,,JSOC,hmi.sharp_720s_nrt,2026-03-27 23:15:52,2026-03-27 23:15:52
142,13377,2026.03.27_21:00:00_TAI,"14401,14402",4.228,2850.355,,7.103019e+23,71829460000000.0,383.641,12533700000000.0,4.073298e+22,,6883.413,,,,43.786,43.091,50.537,93.87,94.773,52.535,-0.00493765,,0.10537916,-0.01547976,,JSOC,hmi.sharp_720s_nrt,2026-03-27 23:15:52,2026-03-27 23:15:52
143,13377,2026.03.27_21:12:00_TAI,"14401,14402",4.308,2886.533,,7.145076e+23,73264660000000.0,388.594,14753730000000.0,4.096686e+22,,6833.757,,,,43.904,43.304,50.736,93.894,94.602,52.968,-0.0049361,,0.09216668,-0.01562087,,JSOC,hmi.sharp_720s_nrt,2026-03-27 23:15:52,2026-03-27 23:15:52
144,13377,2026.03.27_21:24:00_TAI,"14401,14402",4.27,2878.312,,7.130701e+23,72678300000000.0,391.963,14617170000000.0,4.070846e+22,,6984.848,,,,43.653,42.739,50.476,95.331,95.943,53.68,-0.00509904,,0.07666115,-0.01573517,,JSOC,hmi.sharp_720s_nrt,2026-03-27 23:15:52,2026-03-27 23:15:52
145,13377,2026.03.27_21:36:00_TAI,"14401,14402",4.214,2886.031,,7.12707e+23,72033960000000.0,388.217,13980500000000.0,4.061263e+22,,7047.762,,,,43.687,43.027,50.62,95.771,96.33,54.137,-0.00509852,,0.07279558,-0.01551243,,JSOC,hmi.sharp_720s_nrt,2026-03-27 23:15:52,2026-03-27 23:15:52
146,13377,2026.03.27_21:48:00_TAI,"14401,14402",4.26,2880.72,,7.109076e+23,71897080000000.0,371.917,14708760000000.0,4.059254e+22,,7083.272,,,,43.649,42.813,50.625,96.206,96.768,54.294,-0.00492135,,0.03785975,-0.01478991,,JSOC,hmi.sharp_720s_nrt,2026-03-27 23:15:52,2026-03-27 23:15:52
147,13377,2026.03.27_22:00:00_TAI,"14401,14402",4.272,2910.573,,7.105352e+23,72942720000000.0,352.638,11703900000000.0,4.077839e+22,,7027.12,,,,43.65,42.827,50.651,96.691,97.092,54.549,-0.00463169,,0.04711849,-0.0139494,,JSOC,hmi.sharp_720s_nrt,2026-03-27 23:15:52,2026-03-27 23:15:52
148,13388,2026.03.27_17:12:00_TAI,14403,3.757,1130.643,,2.777382e+23,26690100000000.0,253.8,8383320000000.0,2.191076e+22,,5312.671,,,,31.776,21.072,36.733,88.32,89.426,33.723,-0.00644734,,-0.20141827,-0.02093168,,JSOC,hmi.sharp_720s_nrt,2026-03-27 23:15:52,2026-03-27 23:15:52
149,13388,2026.03.27_17:24:00_TAI,14403,3.767,1128.853,,2.776842e+23,26863660000000.0,246.157,7968461000000.0,2.188162e+22,,5299.118,,,,31.845,20.954,36.84,89.3,90.529,33.819,-0.00623845,,-0.20833229,-0.02036404,,JSOC,hmi.sharp_720s_nrt,2026-03-27 23:15:52,2026-03-27 23:15:52
150,13388,2026.03.27_17:36:00_TAI,14403,3.782,1127.145,,2.77815e+23,26673590000000.0,257.286,8042480000000.0,2.168816e+22,,5395.694,,,,31.883,21.029,36.871,90.015,91.035,34.365,-0.00663639,,-0.2118028,-0.02128443,,JSOC,hmi.sharp_720s_nrt,2026-03-27 23:15:52,2026-03-27 23:15:52
151,13388,2026.03.27_17:48:00_TAI,14403,3.805,1173.511,,2.801938e+23,27734330000000.0,264.081,8358989000000.0,2.182783e+22,,5416.051,,,,31.854,21.181,36.892,91.188,91.995,34.985,-0.00677913,,-0.22096142,-0.02167684,,JSOC,hmi.sharp_720s_nrt,2026-03-27 23:15:52,2026-03-27 23:15:52
152,13388,2026.03.27_18:00:00_TAI,14403,3.789,1191.374,,2.816687e+23,28013490000000.0,274.284,8926035000000.0,2.176003e+22,,5501.903,,,,32.088,21.471,36.93,92.625,93.361,35.7,-0.0071152,,-0.21714427,-0.02249361,,JSOC,hmi.sharp_720s_nrt,2026-03-27 23:15:52,2026-03-27 23:15:52
153,13388,2026.03.27_18:12:00_TAI,14403,3.823,1190.001,,2.822883e+23,28099430000000.0,278.49,9475088000000.0,2.166453e+22,,5567.588,,,,32.285,21.966,37.16,93.658,94.276,36.33,-0.00729451,,-0.30844778,-0.0228238,,JSOC,hmi.sharp_720s_nrt,2026-03-27 23:15:52,2026-03-27 23:15:52
154,13388,2026.03.27_18:24:00_TAI,14403,3.798,1174.864,,2.837812e+23,27667320000000.0,265.042,8939926000000.0,2.141602e+22,,5738.164,,,,32.353,22.283,37.112,94.151,94.682,36.765,-0.00711751,,-0.28387365,-0.02169244,,JSOC,hmi.sharp_720s_nrt,2026-03-27 23:15:52,2026-03-27 23:15:52
155,13388,2026.03.27_18:36:00_TAI,14403,3.785,1169.279,,2.857556e+23,27428170000000.0,266.598,9064785000000.0,2.132866e+22,,5833.859,,,,32.432,22.598,37.259,94.634,95.206,36.919,-0.0072288,,-0.28770888,-0.02186981,,JSOC,hmi.sharp_720s_nrt,2026-03-27 23:15:52,2026-03-27 23:15:52
156,13388,2026.03.27_19:12:00_TAI,14403,3.634,1168.699,,2.830891e+23,27054910000000.0,248.434,7504043000000.0,2.067643e+22,,6128.174,,,,32.568,22.683,37.239,95.063,96.08,37.148,-0.00714218,,-0.31765732,-0.02072269,,JSOC,hmi.sharp_720s_nrt,2026-03-27 23:15:52,2026-03-27 23:15:52
157,13388,2026.03.27_19:24:00_TAI,14403,3.668,1147.801,,2.824747e+23,26410570000000.0,242.109,7590338000000.0,2.06647e+22,,6116.458,,,,32.716,22.841,37.224,93.929,95.188,36.239,-0.00696216,,-0.26624644,-0.0202137,,JSOC,hmi.sharp_720s_nrt,2026-03-27 23:15:52,2026-03-27 23:15:52
158,13388,2026.03.27_19:36:00_TAI,14403,3.686,1142.297,,2.832315e+23,26373010000000.0,232.695,7181745000000.0,2.059702e+22,,6166.711,,,,32.55,22.672,37.153,93.723,95.044,36.305,-0.0067284,,-0.27164188,-0.01951141,,JSOC,hmi.sharp_720s_nrt,2026-03-27 23:15:52,2026-03-27 23:15:52
159,13388,2026.03.27_19:48:00_TAI,14403,3.677,1137.373,,2.823944e+23,26603450000000.0,214.45,5109057000000.0,2.069664e+22,,6069.165,,,,32.597,22.414,37.22,92.586,94.321,35.774,-0.00612102,,-0.24404564,-0.01797786,,JSOC,hmi.sharp_720s_nrt,2026-03-27 23:15:52,2026-03-27 23:15:52
160,13388,2026.03.27_20:00:00_TAI,14403,3.576,1142.654,,2.801507e+23,26636850000000.0,228.467,6061984000000.0,2.061783e+22,,6099.637,,,,32.417,21.921,36.966,93.704,95.251,35.965,-0.00660635,,-0.25860944,-0.01915058,,JSOC,hmi.sharp_720s_nrt,2026-03-27 23:15:52,2026-03-27 23:15:52
161,13388,2026.03.27_20:12:00_TAI,14403,3.664,1140.064,,2.811058e+23,26906460000000.0,225.095,6237688000000.0,2.0949e+22,,5920.979,,,,32.598,21.785,36.855,91.988,93.795,35.063,-0.00629653,,-0.28202763,-0.01872603,,JSOC,hmi.sharp_720s_nrt,2026-03-27 23:15:52,2026-03-27 23:15:52
162,13388,2026.03.27_20:24:00_TAI,14403,3.612,1130.15,,2.826504e+23,26707100000000.0,226.102,5665275000000.0,2.106053e+22,,5928.138,,,,32.465,21.929,36.891,91.574,93.063,34.991,-0.00629811,,-0.23013794,-0.01871673,,JSOC,hmi.sharp_720s_nrt,2026-03-27 23:15:52,2026-03-27 23:15:52
163,13388,2026.03.27_20:36:00_TAI,14403,3.586,1144.409,,2.853378e+23,27691240000000.0,229.613,5948567000000.0,2.142808e+22,,5770.727,,,,32.664,21.968,37.081,91.174,92.674,34.817,-0.00616758,,-0.2489502,-0.01887868,,JSOC,hmi.sharp_720s_nrt,2026-03-27 23:15:52,2026-03-27 23:15:52
164,13388,2026.03.27_20:48:00_TAI,14403,3.689,1121.0,,2.846427e+23,26857150000000.0,242.619,7281633000000.0,2.148212e+22,,5761.464,,,,32.421,21.631,36.905,91.552,93.086,34.823,-0.00652202,,-0.23907331,-0.01992512,,JSOC,hmi.sharp_720s_nrt,2026-03-27 23:15:52,2026-03-27 23:15:52
165,13388,2026.03.27_21:00:00_TAI,14403,3.722,1114.971,,2.842764e+23,26691200000000.0,238.828,6672644000000.0,2.153059e+22,,5699.355,,,,32.581,21.78,36.931,90.932,92.405,34.452,-0.00635908,,-0.20801383,-0.01960518,,JSOC,hmi.sharp_720s_nrt,2026-03-27 23:15:52,2026-03-27 23:15:52
166,13388,2026.03.27_21:12:00_TAI,14403,3.698,1123.309,,2.849753e+23,27261780000000.0,244.768,7653547000000.0,2.17799e+22,,5562.164,,,,32.773,22.142,37.101,90.332,91.881,34.186,-0.00634491,,-0.23329736,-0.01999372,,JSOC,hmi.sharp_720s_nrt,2026-03-27 23:15:52,2026-03-27 23:15:52
167,13388,2026.03.27_21:24:00_TAI,14403,3.682,1117.818,,2.847025e+23,27322630000000.0,253.054,8705915000000.0,2.192094e+22,,5495.159,,,,32.674,21.97,37.168,90.169,91.645,34.223,-0.00648674,,-0.2383108,-0.02061442,,JSOC,hmi.sharp_720s_nrt,2026-03-27 23:15:52,2026-03-27 23:15:52
168,13388,2026.03.27_21:36:00_TAI,14403,3.629,1084.037,,2.801207e+23,25591630000000.0,236.603,7118756000000.0,2.134503e+22,,5723.784,,,,32.49,21.666,36.834,91.058,92.562,34.694,-0.00642053,,-0.18862315,-0.01946757,,JSOC,hmi.sharp_720s_nrt,2026-03-27 23:15:52,2026-03-27 23:15:52
169,13388,2026.03.27_21:48:00_TAI,14403,3.688,1103.972,,2.812523e+23,27133420000000.0,247.001,7082030000000.0,2.180061e+22,,5467.53,,,,32.519,21.508,36.932,90.133,91.445,34.571,-0.00637686,,-0.20426433,-0.02025332,,JSOC,hmi.sharp_720s_nrt,2026-03-27 23:15:52,2026-03-27 23:15:52
170,13392,2026.03.27_17:12:00_TAI,,4.298,2224.522,,7.254604e+23,42844750000000.0,464.295,13127630000000.0,4.449958e+22,,7666.947,,,,37.902,32.196,44.848,59.263,67.073,34.476,0.00651679,,-0.02597401,0.01595187,,JSOC,hmi.sharp_720s_nrt,2026-03-27 23:15:52,2026-03-27 23:15:52
171,13392,2026.03.27_17:24:00_TAI,,4.303,2264.627,,7.282113e+23,44322520000000.0,485.192,12659850000000.0,4.406073e+22,,7803.128,,,,38.163,32.474,44.93,60.686,70.041,35.416,0.00690478,,-0.06229961,0.0167739,,JSOC,hmi.sharp_720s_nrt,2026-03-27 23:15:52,2026-03-27 23:15:52
172,13392,2026.03.27_17:36:00_TAI,,4.3,2200.861,,7.192945e+23,41588800000000.0,458.478,12334090000000.0,4.439758e+22,,7691.818,,,,37.616,31.603,44.694,59.671,66.841,34.568,0.00651155,,-0.0597717,0.01574086,,JSOC,hmi.sharp_720s_nrt,2026-03-27 23:15:52,2026-03-27 23:15:52
173,13392,2026.03.27_17:48:00_TAI,,4.328,2187.353,,7.152432e+23,41966640000000.0,454.63,11436390000000.0,4.427403e+22,,7632.02,,,,37.705,31.591,44.863,60.384,68.714,34.821,0.00644262,,-0.06427035,0.0156445,,JSOC,hmi.sharp_720s_nrt,2026-03-27 23:15:52,2026-03-27 23:15:52
174,13392,2026.03.27_18:00:00_TAI,,4.312,2187.688,,7.161116e+23,41090380000000.0,459.586,13031510000000.0,4.439532e+22,,7672.055,,,,37.336,31.137,44.601,60.196,67.238,34.874,0.00653936,,-0.03881569,0.01581173,,JSOC,hmi.sharp_720s_nrt,2026-03-27 23:15:52,2026-03-27 23:15:52
175,13392,2026.03.27_18:12:00_TAI,,4.362,2190.26,,7.134708e+23,41218300000000.0,456.938,11388150000000.0,4.435329e+22,,7623.154,,,,37.288,31.257,44.612,60.481,67.809,34.879,0.00648397,,-0.07043982,0.01574515,,JSOC,hmi.sharp_720s_nrt,2026-03-27 23:15:52,2026-03-27 23:15:52
176,13392,2026.03.27_18:24:00_TAI,,4.277,2190.806,,7.105088e+23,41900330000000.0,474.267,12776170000000.0,4.430639e+22,,7567.347,,,,37.54,31.624,44.85,61.111,69.334,34.974,0.00670864,,-0.0222968,0.01634964,,JSOC,hmi.sharp_720s_nrt,2026-03-27 23:15:52,2026-03-27 23:15:52
177,13392,2026.03.27_18:36:00_TAI,,4.34,2221.316,,7.155189e+23,42428180000000.0,472.794,12314140000000.0,4.429013e+22,,7684.84,,,,37.288,31.209,44.731,61.196,69.017,35.354,0.00674399,,-0.01653342,0.01629943,,JSOC,hmi.sharp_720s_nrt,2026-03-27 23:15:52,2026-03-27 23:15:52
178,13392,2026.03.27_19:12:00_TAI,,4.339,2250.844,,7.030334e+23,41905410000000.0,490.561,13440670000000.0,4.412257e+22,,7773.837,,,,36.746,30.314,43.965,63.304,70.022,35.539,0.00720406,,-0.02400209,0.0168714,,JSOC,hmi.sharp_720s_nrt,2026-03-27 23:15:52,2026-03-27 23:15:52
179,13392,2026.03.27_19:24:00_TAI,,4.361,2219.065,,7.073514e+23,41782480000000.0,461.369,12142600000000.0,4.410639e+22,,7820.666,,,,,30.291,43.913,63.753,70.505,35.621,0.00677438,,-0.04145468,0.01591133,,JSOC,hmi.sharp_720s_nrt,2026-03-27 23:15:52,2026-03-27 23:15:52
180,13392,2026.03.27_19:36:00_TAI,,4.345,2263.601,,7.02775e+23,41715270000000.0,480.898,12977630000000.0,4.415174e+22,,7872.247,,,,36.607,29.796,43.522,64.197,70.399,35.839,0.0071542,,-0.0524521,0.01650463,,JSOC,hmi.sharp_720s_nrt,2026-03-27 23:15:52,2026-03-27 23:15:52
181,13392,2026.03.27_19:48:00_TAI,,4.296,2280.458,,7.078596e+23,42117630000000.0,506.678,14364040000000.0,4.382127e+22,,8086.185,,,,36.599,30.431,43.696,65.997,73.722,36.778,0.00768683,,-0.08999427,0.01739874,,JSOC,hmi.sharp_720s_nrt,2026-03-27 23:15:52,2026-03-27 23:15:52
182,13392,2026.03.27_20:00:00_TAI,,4.354,2281.0,,7.036413e+23,42183680000000.0,492.057,13647170000000.0,4.416358e+22,,7985.902,,,,36.257,29.637,43.554,65.548,72.197,36.468,0.00741664,,-0.10931411,0.01678536,,JSOC,hmi.sharp_720s_nrt,2026-03-27 23:15:52,2026-03-27 23:15:52
183,13392,2026.03.27_20:12:00_TAI,,4.354,2284.242,,7.082399e+23,42508940000000.0,500.734,14496920000000.0,4.420306e+22,,8033.251,,,,36.433,30.018,43.455,65.974,72.932,36.56,0.00754311,,-0.04297899,0.01706621,,JSOC,hmi.sharp_720s_nrt,2026-03-27 23:15:52,2026-03-27 23:15:52
184,13392,2026.03.27_20:24:00_TAI,,4.323,2287.519,,7.138778e+23,42936370000000.0,509.401,14996470000000.0,4.456608e+22,,8031.745,,,,36.481,30.052,43.17,66.229,73.466,36.648,0.00761141,,-0.04739761,0.01726932,,JSOC,hmi.sharp_720s_nrt,2026-03-27 23:15:52,2026-03-27 23:15:52
185,13392,2026.03.27_20:36:00_TAI,,4.306,2318.944,,7.156439e+23,43110690000000.0,520.619,15176770000000.0,4.481146e+22,,8009.492,,,,36.424,29.929,43.272,65.989,72.329,36.533,0.00773832,,-0.03928274,0.01757221,,JSOC,hmi.sharp_720s_nrt,2026-03-27 23:15:52,2026-03-27 23:15:52
186,13392,2026.03.27_20:48:00_TAI,,4.328,2309.2,,7.148683e+23,42941850000000.0,509.995,14396460000000.0,4.490501e+22,,7962.111,,,,36.434,29.891,43.319,65.375,71.67,36.236,0.00754375,,-0.04885982,0.01718192,,JSOC,hmi.sharp_720s_nrt,2026-03-27 23:15:52,2026-03-27 23:15:52
187,13392,2026.03.27_21:00:00_TAI,,4.296,2299.936,,7.165649e+23,42782560000000.0,506.531,14530050000000.0,4.515947e+22,,7878.226,,,,36.47,30.227,43.48,64.807,71.091,35.991,0.00739613,,-0.07384049,0.01699055,,JSOC,hmi.sharp_720s_nrt,2026-03-27 23:15:52,2026-03-27 23:15:52
188,13392,2026.03.27_21:12:00_TAI,,4.331,2313.06,,7.188435e+23,43540590000000.0,490.918,13628580000000.0,4.549951e+22,,7792.459,,,,36.286,29.917,43.482,64.345,70.633,36.005,0.00706753,,-0.07149031,0.01641618,,JSOC,hmi.sharp_720s_nrt,2026-03-27 23:15:52,2026-03-27 23:15:52
189,13392,2026.03.27_21:24:00_TAI,,4.344,2281.012,,7.305225e+23,44158430000000.0,507.885,14395270000000.0,4.553154e+22,,7799.698,,,,36.916,30.453,43.974,64.019,70.45,35.629,0.0072018,,-0.05510024,0.01704438,,JSOC,hmi.sharp_720s_nrt,2026-03-27 23:15:52,2026-03-27 23:15:52
190,13392,2026.03.27_21:36:00_TAI,,4.288,2261.685,,7.230831e+23,42553280000000.0,484.513,13236510000000.0,4.539937e+22,,7831.651,,,,36.595,29.993,43.679,63.76,69.959,35.4,0.00696941,,-0.04447722,0.01622513,,JSOC,hmi.sharp_720s_nrt,2026-03-27 23:15:52,2026-03-27 23:15:52
191,13392,2026.03.27_21:48:00_TAI,,4.316,2238.919,,7.288082e+23,42812490000000.0,489.867,14208940000000.0,4.570081e+22,,7664.569,,,,36.876,30.401,44.091,62.776,68.443,34.782,0.00684191,,-0.00567366,0.01643905,,JSOC,hmi.sharp_720s_nrt,2026-03-27 23:15:52,2026-03-27 23:15:52
192,13393,2026.03.27_17:12:00_TAI,,3.591,397.168,,1.05301e+23,7131448000000.0,24.637,451097300000.0,9.346012e+21,,5285.665,,,,30.891,21.859,40.48,61.061,60.518,31.554,-0.00164235,,0.04265332,-0.00439027,,JSOC,hmi.sharp_720s_nrt,2026-03-27 23:15:52,2026-03-27 23:15:52
193,13393,2026.03.27_17:24:00_TAI,,3.623,395.893,,1.044973e+23,7125716000000.0,23.594,317810300000.0,9.323186e+21,,5210.935,,,,30.804,21.98,40.494,60.511,61.023,31.429,-0.0015625,,-0.04019869,-0.00422927,,JSOC,hmi.sharp_720s_nrt,2026-03-27 23:15:52,2026-03-27 23:15:52
194,13393,2026.03.27_17:36:00_TAI,,3.624,386.334,,1.023478e+23,6915001000000.0,24.021,277598900000.0,9.226665e+21,,5191.067,,,,30.23,20.477,39.87,60.546,60.866,31.231,-0.00161801,,-0.02292653,-0.00435066,,JSOC,hmi.sharp_720s_nrt,2026-03-27 23:15:52,2026-03-27 23:15:52
195,13393,2026.03.27_17:48:00_TAI,,3.627,381.38,,1.041543e+23,6870256000000.0,24.588,475110000000.0,9.209732e+21,,5324.655,,,,30.432,20.606,40.196,61.809,62.452,31.675,-0.00166934,,-0.0198554,-0.00445482,,JSOC,hmi.sharp_720s_nrt,2026-03-27 23:15:52,2026-03-27 23:15:52
196,13393,2026.03.27_18:00:00_TAI,,3.632,377.883,,1.020531e+23,6750805000000.0,29.595,650109800000.0,9.254235e+21,,5210.515,,,,29.985,20.328,39.663,61.439,61.138,31.593,-0.00200669,,-0.08419358,-0.00531532,,JSOC,hmi.sharp_720s_nrt,2026-03-27 23:15:52,2026-03-27 23:15:52
197,13393,2026.03.27_18:12:00_TAI,,3.637,382.504,,1.016014e+23,6681300000000.0,29.995,302966100000.0,9.191168e+21,,5243.989,,,,29.956,20.09,39.672,61.134,60.272,31.313,-0.00205604,,-0.0396638,-0.00540749,,JSOC,hmi.sharp_720s_nrt,2026-03-27 23:15:52,2026-03-27 23:15:52
198,13393,2026.03.27_18:24:00_TAI,,3.642,384.777,,1.017425e+23,6819446000000.0,27.308,197863700000.0,9.146904e+21,,5297.015,,,,29.766,20.127,39.523,62.807,63.021,31.766,-0.0018884,,-0.02612964,-0.00493836,,JSOC,hmi.sharp_720s_nrt,2026-03-27 23:15:52,2026-03-27 23:15:52
199,13393,2026.03.27_18:36:00_TAI,,3.609,378.821,,1.014108e+23,6684182000000.0,26.228,302317200000.0,9.139633e+21,,5340.678,,,,29.727,20.038,39.055,63.641,63.334,31.742,-0.00183454,,-0.04038432,-0.00473915,,JSOC,hmi.sharp_720s_nrt,2026-03-27 23:15:52,2026-03-27 23:15:52
200,13393,2026.03.27_19:12:00_TAI,,3.741,657.061,,1.314381e+23,11820030000000.0,105.717,2854525000000.0,1.573751e+22,,3918.565,,,,26.059,16.399,37.061,61.466,62.489,30.422,-0.00418567,,-0.09659313,-0.01211924,,JSOC,hmi.sharp_720s_nrt,2026-03-27 23:15:52,2026-03-27 23:15:52
201,13393,2026.03.27_19:24:00_TAI,,3.732,698.966,,1.340951e+23,12765090000000.0,91.421,2171373000000.0,1.725016e+22,,3660.788,,,,24.403,14.912,35.942,61.092,62.023,29.753,-0.00331465,,-0.15035792,-0.00979255,,JSOC,hmi.sharp_720s_nrt,2026-03-27 23:15:52,2026-03-27 23:15:52
202,13393,2026.03.27_19:36:00_TAI,,3.729,716.021,,1.339002e+23,13007800000000.0,92.303,1764972000000.0,1.725282e+22,,3671.441,,,,24.809,15.112,36.052,61.887,63.514,30.127,-0.00336113,,-0.12274951,-0.00982868,,JSOC,hmi.sharp_720s_nrt,2026-03-27 23:15:52,2026-03-27 23:15:52
203,13393,2026.03.27_19:48:00_TAI,,3.642,721.864,,1.370045e+23,13040500000000.0,88.824,2381339000000.0,1.740183e+22,,3737.369,,,,24.708,15.172,35.747,62.057,63.511,30.173,-0.00321791,,-0.16476892,-0.00940408,,JSOC,hmi.sharp_720s_nrt,2026-03-27 23:15:52,2026-03-27 23:15:52
204,13393,2026.03.27_20:00:00_TAI,,3.658,715.651,,1.350167e+23,12934800000000.0,94.28,2116135000000.0,1.757779e+22,,3679.279,,,,24.172,14.461,35.322,62.351,62.853,30.195,-0.00341211,,-0.14626385,-0.00985802,,JSOC,hmi.sharp_720s_nrt,2026-03-27 23:15:52,2026-03-27 23:15:52
205,13393,2026.03.27_20:12:00_TAI,,3.682,707.002,,1.361679e+23,12790630000000.0,85.914,2560802000000.0,1.746972e+22,,3741.932,,,,24.494,14.901,35.112,62.215,63.521,30.12,-0.00313555,,-0.1784887,-0.00900238,,JSOC,hmi.sharp_720s_nrt,2026-03-27 23:15:52,2026-03-27 23:15:52
206,13393,2026.03.27_20:24:00_TAI,,3.739,711.233,,1.383987e+23,13066440000000.0,89.024,1981068000000.0,1.773042e+22,,3724.133,,,,24.578,14.555,35.449,61.663,62.717,29.891,-0.00318136,,-0.13520758,-0.00920963,,JSOC,hmi.sharp_720s_nrt,2026-03-27 23:15:52,2026-03-27 23:15:52
207,13393,2026.03.27_20:36:00_TAI,,3.732,713.251,,1.390686e+23,13128490000000.0,89.644,1882636000000.0,1.779137e+22,,3766.929,,,,24.656,14.339,34.93,61.81,62.985,30.057,-0.00322471,,-0.12933834,-0.00920451,,JSOC,hmi.sharp_720s_nrt,2026-03-27 23:15:52,2026-03-27 23:15:52
208,13393,2026.03.27_20:48:00_TAI,,3.733,704.841,,1.386967e+23,13168030000000.0,94.744,2107361000000.0,1.800395e+22,,3718.861,,,,24.429,14.397,34.801,61.264,62.4,29.407,-0.00337371,,-0.14331082,-0.00961125,,JSOC,hmi.sharp_720s_nrt,2026-03-27 23:15:52,2026-03-27 23:15:52
209,13393,2026.03.27_21:00:00_TAI,,3.722,702.113,,1.415103e+23,13206910000000.0,97.733,2569266000000.0,1.821613e+22,,3713.25,,,,24.655,14.915,35.086,60.752,61.467,29.261,-0.00340594,,-0.17098755,-0.0098538,,JSOC,hmi.sharp_720s_nrt,2026-03-27 23:15:52,2026-03-27 23:15:52
210,13393,2026.03.27_21:12:00_TAI,,3.734,718.27,,1.413829e+23,13565060000000.0,104.867,2842196000000.0,1.851811e+22,,3590.418,,,,24.501,14.654,35.096,60.738,61.459,28.888,-0.00353671,,-0.18305607,-0.01048759,,JSOC,hmi.sharp_720s_nrt,2026-03-27 23:15:52,2026-03-27 23:15:52
211,13393,2026.03.27_21:24:00_TAI,,3.669,727.125,,1.434059e+23,13847690000000.0,99.979,1586289000000.0,1.843926e+22,,3659.438,,,,24.794,14.911,35.361,61.03,62.331,29.19,-0.0033882,,-0.10266066,-0.010035,,JSOC,hmi.sharp_720s_nrt,2026-03-27 23:15:52,2026-03-27 23:15:52
212,13393,2026.03.27_21:36:00_TAI,,3.719,699.049,,1.399181e+23,12890370000000.0,97.016,2221852000000.0,1.808915e+22,,3735.913,,,,24.09,14.014,34.443,61.62,62.65,28.978,-0.00344015,,-0.15045407,-0.00983566,,JSOC,hmi.sharp_720s_nrt,2026-03-27 23:15:52,2026-03-27 23:15:52
213,13393,2026.03.27_21:48:00_TAI,,3.697,704.523,,1.427601e+23,13628080000000.0,103.335,2176678000000.0,1.84455e+22,,3580.114,,,,24.971,14.774,35.568,60.55,61.845,28.2,-0.00344175,,-0.13843362,-0.01044282,,JSOC,hmi.sharp_720s_nrt,2026-03-27 23:15:52,2026-03-27 23:15:52
214,13395,2026.03.27_17:12:00_TAI,,3.548,203.039,,1.155291e+23,3752119000000.0,41.009,1365059000000.0,4.960733e+21,,10688.28,,,,44.47,48.913,54.608,52.812,55.794,32.88,-0.00503854,,-0.32033086,-0.01091312,,JSOC,hmi.sharp_720s_nrt,2026-03-27 23:15:52,2026-03-27 23:15:52
215,13395,2026.03.27_17:24:00_TAI,,3.551,200.476,,1.150946e+23,3796610000000.0,39.924,1409346000000.0,4.976122e+21,,10623.29,,,,44.558,49.975,54.297,53.576,56.46,33.207,-0.00489387,,-0.29171216,-0.0105919,,JSOC,hmi.sharp_720s_nrt,2026-03-27 23:15:52,2026-03-27 23:15:52
216,13395,2026.03.27_17:36:00_TAI,,3.553,192.193,,1.138696e+23,3501133000000.0,41.373,1506623000000.0,4.922029e+21,,10841.11,,,,43.13,48.704,54.992,52.386,54.04,33.194,-0.0052311,,-0.36383614,-0.01105749,,JSOC,hmi.sharp_720s_nrt,2026-03-27 23:15:52,2026-03-27 23:15:52
217,13395,2026.03.27_17:48:00_TAI,,3.555,197.293,,1.140275e+23,3730279000000.0,42.604,1831938000000.0,4.896892e+21,,10701.89,,,,44.722,50.069,55.476,53.172,54.411,33.435,-0.00531028,,-0.43581906,-0.01139991,,JSOC,hmi.sharp_720s_nrt,2026-03-27 23:15:52,2026-03-27 23:15:52
218,13395,2026.03.27_18:00:00_TAI,,3.56,192.007,,1.130858e+23,3535839000000.0,43.668,1707114000000.0,4.862887e+21,,10589.75,,,,44.502,49.161,55.401,50.993,53.253,32.302,-0.00543135,,-0.32906291,-0.01172824,,JSOC,hmi.sharp_720s_nrt,2026-03-27 23:15:52,2026-03-27 23:15:52
219,13395,2026.03.27_18:12:00_TAI,,3.562,180.574,,1.144239e+23,3436741000000.0,39.671,1207376000000.0,4.787014e+21,,10933.97,,,,45.796,51.244,56.513,51.542,54.777,32.672,-0.00503439,,-0.19508842,-0.01073052,,JSOC,hmi.sharp_720s_nrt,2026-03-27 23:15:52,2026-03-27 23:15:52
220,13395,2026.03.27_18:24:00_TAI,,3.494,193.243,,1.133381e+23,3434220000000.0,40.504,1590002000000.0,4.847324e+21,,10819.24,,,,44.758,49.176,55.382,51.182,52.784,32.106,-0.00513494,,-0.38499621,-0.01088048,,JSOC,hmi.sharp_720s_nrt,2026-03-27 23:15:52,2026-03-27 23:15:52
221,13395,2026.03.27_18:36:00_TAI,,3.494,192.501,,1.136035e+23,3643112000000.0,39.677,1344167000000.0,4.846142e+21,,10762.7,,,,45.077,49.597,55.79,51.698,53.956,33.095,-0.00499203,,-0.24835633,-0.01067189,,JSOC,hmi.sharp_720s_nrt,2026-03-27 23:15:52,2026-03-27 23:15:52
222,13395,2026.03.27_19:12:00_TAI,,3.508,182.407,,1.150401e+23,3388148000000.0,42.45,1684475000000.0,4.698095e+21,,11641.41,,,,46.057,51.472,55.772,53.301,56.41,33.416,-0.00570483,,-0.36314911,-0.01151592,,JSOC,hmi.sharp_720s_nrt,2026-03-27 23:15:52,2026-03-27 23:15:52
223,13395,2026.03.27_19:24:00_TAI,,3.51,184.434,,1.157148e+23,3484038000000.0,42.118,1686888000000.0,4.649804e+21,,11820.88,,,,46.699,53.059,56.523,53.214,55.879,33.932,-0.005714,,-0.43709657,-0.01149096,,JSOC,hmi.sharp_720s_nrt,2026-03-27 23:15:52,2026-03-27 23:15:52
224,13395,2026.03.27_19:36:00_TAI,,3.513,178.389,,1.160314e+23,3288952000000.0,38.821,1213269000000.0,4.644271e+21,,12096.1,,,,46.137,53.025,56.108,52.875,54.849,33.297,-0.00537458,,-0.32081422,-0.01058376,,JSOC,hmi.sharp_720s_nrt,2026-03-27 23:15:52,2026-03-27 23:15:52
225,13395,2026.03.27_19:48:00_TAI,,3.512,170.121,,1.139774e+23,3202634000000.0,39.845,1479758000000.0,4.667001e+21,,11870.46,,,,45.444,51.466,55.627,52.305,53.678,33.391,-0.00551186,,-0.39089745,-0.01087107,,JSOC,hmi.sharp_720s_nrt,2026-03-27 23:15:52,2026-03-27 23:15:52
226,13395,2026.03.27_20:00:00_TAI,,3.511,167.998,,1.133808e+23,3282548000000.0,37.156,1179738000000.0,4.606004e+21,,12044.9,,,,45.417,51.764,55.641,53.39,55.188,33.622,-0.00524216,,-0.31788343,-0.01021695,,JSOC,hmi.sharp_720s_nrt,2026-03-27 23:15:52,2026-03-27 23:15:52
227,13395,2026.03.27_20:12:00_TAI,,3.473,169.944,,1.14956e+23,3321165000000.0,36.229,792575500000.0,4.634765e+21,,11878.74,,,,46.389,53.767,56.116,52.167,54.562,33.016,-0.0049724,,-0.20772704,-0.00996007,,JSOC,hmi.sharp_720s_nrt,2026-03-27 23:15:52,2026-03-27 23:15:52
228,13395,2026.03.27_20:24:00_TAI,,3.475,171.971,,1.145296e+23,3237435000000.0,38.128,1249853000000.0,4.627806e+21,,11881.97,,,,46.169,53.004,56.109,51.824,54.295,33.069,-0.00525327,,-0.32888019,-0.01046719,,JSOC,hmi.sharp_720s_nrt,2026-03-27 23:15:52,2026-03-27 23:15:52
229,13395,2026.03.27_20:36:00_TAI,,3.426,176.334,,1.142831e+23,3249943000000.0,32.986,1361441000000.0,4.610974e+21,,12113.42,,,,46.504,53.857,55.892,51.631,53.501,33.247,-0.0046433,,-0.36600402,-0.00905288,,JSOC,hmi.sharp_720s_nrt,2026-03-27 23:15:52,2026-03-27 23:15:52
230,13395,2026.03.27_20:48:00_TAI,,3.555,185.273,,1.140702e+23,3279002000000.0,37.301,1433513000000.0,4.629798e+21,,11967.87,,,,46.285,53.309,56.126,51.858,53.32,33.372,-0.00519732,,-0.38145411,-0.01020024,,JSOC,hmi.sharp_720s_nrt,2026-03-27 23:15:52,2026-03-27 23:15:52
231,13395,2026.03.27_21:00:00_TAI,,3.556,183.436,,1.144411e+23,3289511000000.0,36.788,1310293000000.0,4.640595e+21,,12079.15,,,,46.705,53.126,56.015,52.888,54.601,33.839,-0.0051581,,-0.35076159,-0.01001355,,JSOC,hmi.sharp_720s_nrt,2026-03-27 23:15:52,2026-03-27 23:15:52
232,13395,2026.03.27_21:12:00_TAI,,3.613,187.355,,1.153488e+23,3600383000000.0,33.63,926623100000.0,4.677599e+21,,11753.19,,,,45.912,52.382,56.866,53.047,55.357,34.579,-0.00455076,,-0.23945732,-0.00917174,,JSOC,hmi.sharp_720s_nrt,2026-03-27 23:15:52,2026-03-27 23:15:52
233,13395,2026.03.27_21:24:00_TAI,,3.612,188.62,,1.157018e+23,3603175000000.0,38.046,1461593000000.0,4.701375e+21,,11481.54,,,,46.553,54.006,57.144,51.004,53.741,33.317,-0.00501393,,-0.3678416,-0.01034946,,JSOC,hmi.sharp_720s_nrt,2026-03-27 23:15:52,2026-03-27 23:15:52
234,13395,2026.03.27_21:36:00_TAI,,3.587,187.57,,1.149459e+23,3473119000000.0,35.354,1058183000000.0,4.718753e+21,,11832.23,,,,45.732,52.413,55.883,53.431,55.796,34.052,-0.00483372,,-0.27624848,-0.00956085,,JSOC,hmi.sharp_720s_nrt,2026-03-27 23:15:52,2026-03-27 23:15:52
235,13395,2026.03.27_21:48:00_TAI,,3.588,188.405,,1.146133e+23,3616469000000.0,39.142,1450101000000.0,4.775167e+21,,11418.67,,,,44.781,50.463,56.029,52.579,57.125,33.483,-0.00517887,,-0.30892107,-0.01050459,,JSOC,hmi.sharp_720s_nrt,2026-03-27 23:15:52,2026-03-27 23:15:52
236,13397,2026.03.27_17:12:00_TAI,,2.801,228.786,,2.849339e+22,4542877000000.0,74.913,3313901000000.0,6.219878e+21,,2029.624,,,,21.805,12.478,34.21,57.298,63.096,28.306,-0.00708663,,-0.13288489,-0.0253473,,JSOC,hmi.sharp_720s_nrt,2026-03-27 23:15:52,2026-03-27 23:15:52
237,13397,2026.03.27_17:24:00_TAI,,3.061,232.629,,3.034432e+22,4756808000000.0,72.993,3043725000000.0,6.152865e+21,,2152.914,,,,23.856,14.708,35.397,57.954,65.656,28.743,-0.00687772,,-0.08667388,-0.02489029,,JSOC,hmi.sharp_720s_nrt,2026-03-27 23:15:52,2026-03-27 23:15:52
238,13397,2026.03.27_17:36:00_TAI,,3.125,233.312,,3.055216e+22,4692292000000.0,76.419,3032692000000.0,6.175359e+21,,2155.676,,,,23.844,14.44,35.443,57.035,63.327,28.562,-0.00716134,,-0.23861362,-0.02609462,,JSOC,hmi.sharp_720s_nrt,2026-03-27 23:15:52,2026-03-27 23:15:52
239,13397,2026.03.27_17:48:00_TAI,,3.15,232.434,,3.144476e+22,4756794000000.0,78.212,3152236000000.0,6.3365e+21,,2125.83,,,,24.449,15.443,35.851,58.457,66.559,28.81,-0.00702212,,-0.20314062,-0.02617186,,JSOC,hmi.sharp_720s_nrt,2026-03-27 23:15:52,2026-03-27 23:15:52
240,13397,2026.03.27_18:00:00_TAI,,3.265,249.537,,3.039314e+22,5151574000000.0,71.919,2611942000000.0,6.64341e+21,,1992.655,,,,22.464,13.557,34.575,57.344,63.874,28.227,-0.006262,,-0.2832168,-0.02307877,,JSOC,hmi.sharp_720s_nrt,2026-03-27 23:15:52,2026-03-27 23:15:52
241,13397,2026.03.27_18:12:00_TAI,,3.173,245.607,,3.067119e+22,4863452000000.0,72.334,2811312000000.0,6.489371e+21,,2077.076,,,,23.006,14.111,35.47,57.858,62.88,28.936,-0.00650543,,-0.23858625,-0.02335931,,JSOC,hmi.sharp_720s_nrt,2026-03-27 23:15:52,2026-03-27 23:15:52
242,13397,2026.03.27_18:24:00_TAI,,3.21,248.895,,3.21895e+22,5154446000000.0,70.783,2433135000000.0,6.589128e+21,,2079.467,,,,24.037,15.7,36.678,57.879,64.494,29.137,-0.00607267,,-0.23125881,-0.02279652,,JSOC,hmi.sharp_720s_nrt,2026-03-27 23:15:52,2026-03-27 23:15:52
243,13397,2026.03.27_18:36:00_TAI,,3.205,250.846,,3.091932e+22,5023922000000.0,72.941,2803681000000.0,6.504455e+21,,2075.586,,,,22.874,13.658,34.855,59.199,65.66,29.302,-0.00650386,,-0.10596408,-0.0236027,,JSOC,hmi.sharp_720s_nrt,2026-03-27 23:15:52,2026-03-27 23:15:52
244,13398,2026.03.27_17:12:00_TAI,,0.0,21.382,,1.199698e+21,564934100000.0,2.672,49749020000.0,3.233914e+20,,1415.92,,,,23.964,5.329,28.686,120.348,118.406,41.51,-0.00418735,,0.13708422,-0.02274172,,JSOC,hmi.sharp_720s_nrt,2026-03-27 23:15:52,2026-03-27 23:15:52
245,13398,2026.03.27_17:24:00_TAI,,0.0,19.644,,1.129675e+21,515000900000.0,2.24,96221300000.0,3.094742e+20,,1436.876,,,,24.097,4.899,28.876,114.738,112.487,40.444,-0.00378409,,0.31043482,-0.01986073,,JSOC,hmi.sharp_720s_nrt,2026-03-27 23:15:52,2026-03-27 23:15:52
246,13398,2026.03.27_17:36:00_TAI,,0.0,20.4,,1.223179e+21,528859500000.0,2.11,95358230000.0,3.252969e+20,,1468.959,,,,23.81,5.104,28.683,115.454,113.187,40.473,-0.00336449,,0.29047823,-0.01793076,,JSOC,hmi.sharp_720s_nrt,2026-03-27 23:15:52,2026-03-27 23:15:52
247,13398,2026.03.27_17:48:00_TAI,,0.0,21.919,,1.208455e+21,578129900000.0,3.619,227411700000.0,3.16846e+20,,1484.422,,,,23.997,5.873,28.767,117.841,115.814,41.648,-0.00590362,,0.70856017,-0.03150679,,JSOC,hmi.sharp_720s_nrt,2026-03-27 23:15:52,2026-03-27 23:15:52
248,13398,2026.03.27_18:00:00_TAI,,0.0,21.898,,1.185381e+21,577009000000.0,3.166,141070600000.0,3.278053e+20,,1396.833,,,,24.025,6.416,28.531,118.104,116.002,41.614,-0.0049539,,0.42165884,-0.02690387,,JSOC,hmi.sharp_720s_nrt,2026-03-27 23:15:52,2026-03-27 23:15:52
249,13398,2026.03.27_18:12:00_TAI,,0.0,24.074,,1.270701e+21,635745600000.0,3.941,281786500000.0,3.237612e+20,,1538.297,,,,24.74,7.235,29.249,126.258,123.622,45.008,-0.00633631,,0.86527818,-0.03355646,,JSOC,hmi.sharp_720s_nrt,2026-03-27 23:15:52,2026-03-27 23:15:52
250,13398,2026.03.27_18:24:00_TAI,,0.0,26.394,,1.377532e+21,749207100000.0,2.058,40011870000.0,3.467449e+20,,1413.165,,,,26.287,7.493,30.711,116.863,113.716,42.641,-0.00280354,,-0.10411627,-0.01735199,,JSOC,hmi.sharp_720s_nrt,2026-03-27 23:15:52,2026-03-27 23:15:52
251,13398,2026.03.27_18:36:00_TAI,,0.0,25.599,,1.359613e+21,697047100000.0,2.551,116124000000.0,3.333679e+20,,1558.251,,,,25.641,8.828,29.764,122.224,119.605,44.587,-0.00388237,,0.33758399,-0.02156965,,JSOC,hmi.sharp_720s_nrt,2026-03-27 23:15:52,2026-03-27 23:15:52
252,13398,2026.03.27_19:12:00_TAI,,0.0,26.061,,1.44039e+21,795803900000.0,0.37,314903300000.0,3.551487e+20,,1432.754,,,,27.04,11.493,30.786,117.238,116.622,41.344,0.00048846,,-0.79451412,0.00310827,,JSOC,hmi.sharp_720s_nrt,2026-03-27 23:15:52,2026-03-27 23:15:52
253,13398,2026.03.27_19:24:00_TAI,,0.0,24.264,,1.327956e+21,691613100000.0,1.834,119406200000.0,3.277472e+20,,1512.759,,,,26.477,11.649,29.495,124.914,123.453,41.717,-0.00277513,,0.34501901,-0.0162415,,JSOC,hmi.sharp_720s_nrt,2026-03-27 23:15:52,2026-03-27 23:15:52
254,13398,2026.03.27_19:36:00_TAI,,0.0,26.631,,1.373726e+21,774742800000.0,2.69,111190000000.0,3.366037e+20,,1465.152,,,,26.443,10.765,29.881,118.899,118.245,40.069,-0.00380994,,0.30079833,-0.02414271,,JSOC,hmi.sharp_720s_nrt,2026-03-27 23:15:52,2026-03-27 23:15:52
255,13398,2026.03.27_19:48:00_TAI,,0.0,25.235,,1.246736e+21,733412100000.0,3.542,255494200000.0,3.081339e+20,,1462.268,,,,27.738,12.15,30.195,116.414,116.36,38.71,-0.00551749,,0.59235531,-0.03399463,,JSOC,hmi.sharp_720s_nrt,2026-03-27 23:15:52,2026-03-27 23:15:52
256,13398,2026.03.27_20:00:00_TAI,,0.0,25.113,,1.267972e+21,721984300000.0,3.583,290915300000.0,3.066737e+20,,1466.615,,,,27.984,13.978,29.861,115.397,115.361,38.561,-0.00550319,,0.8534767,-0.03520444,,JSOC,hmi.sharp_720s_nrt,2026-03-27 23:15:52,2026-03-27 23:15:52
257,13398,2026.03.27_20:12:00_TAI,,0.0,23.093,,1.262588e+21,663219400000.0,3.496,166329000000.0,3.04738e+20,,1444.852,,,,27.271,10.486,29.437,108.032,107.164,36.228,-0.00531336,,0.48277342,-0.0360498,,JSOC,hmi.sharp_720s_nrt,2026-03-27 23:15:52,2026-03-27 23:15:52
258,13398,2026.03.27_20:24:00_TAI,,0.0,23.587,,1.23887e+21,715147700000.0,3.871,240153500000.0,3.050276e+20,,1377.922,,,,27.191,10.487,30.549,109.111,108.508,37.58,-0.00571757,,0.67747951,-0.04085208,,JSOC,hmi.sharp_720s_nrt,2026-03-27 23:15:52,2026-03-27 23:15:52
259,13398,2026.03.27_20:36:00_TAI,,0.0,22.912,,1.162732e+21,662429200000.0,4.444,403362300000.0,3.01476e+20,,1340.769,,,,25.706,6.432,29.47,109.575,108.773,36.986,-0.00680492,,1.17970169,-0.04702777,,JSOC,hmi.sharp_720s_nrt,2026-03-27 23:15:52,2026-03-27 23:15:52
260,13398,2026.03.27_20:48:00_TAI,,0.0,22.102,,1.198759e+21,657144700000.0,2.987,176520600000.0,3.036095e+20,,1361.463,,,,26.517,9.351,29.146,110.212,108.684,36.995,-0.00450503,,0.50847024,-0.03167319,,JSOC,hmi.sharp_720s_nrt,2026-03-27 23:15:52,2026-03-27 23:15:52
261,13398,2026.03.27_21:00:00_TAI,,0.0,18.967,,1.148252e+21,579161100000.0,3.644,281310200000.0,2.977517e+20,,1298.226,,,,26.268,8.859,30.241,107.938,106.245,36.586,-0.00547192,,0.80665523,-0.03994294,,JSOC,hmi.sharp_720s_nrt,2026-03-27 23:15:52,2026-03-27 23:15:52
262,13398,2026.03.27_21:12:00_TAI,,0.0,21.184,,1.231247e+21,611168600000.0,2.739,133003500000.0,3.064276e+20,,1413.282,,,,25.497,8.537,29.314,112.434,110.819,37.481,-0.00417473,,0.38719413,-0.02836813,,JSOC,hmi.sharp_720s_nrt,2026-03-27 23:15:52,2026-03-27 23:15:52
263,13398,2026.03.27_21:24:00_TAI,,0.0,22.218,,1.344506e+21,663461000000.0,2.44,12774200000.0,3.249582e+20,,1423.903,,,,26.618,10.267,29.835,116.393,114.506,38.494,-0.00343216,,-0.0343104,-0.02415408,,JSOC,hmi.sharp_720s_nrt,2026-03-27 23:15:52,2026-03-27 23:15:52
264,13398,2026.03.27_21:36:00_TAI,,0.0,20.949,,1.194165e+21,601026800000.0,2.887,90492520000.0,2.982776e+20,,1391.935,,,,26.381,8.824,29.888,115.275,112.626,39.968,-0.00446966,,0.26750603,-0.03043388,,JSOC,hmi.sharp_720s_nrt,2026-03-27 23:15:52,2026-03-27 23:15:52
265,13398,2026.03.27_21:48:00_TAI,,0.0,20.602,,1.273185e+21,592471000000.0,4.015,202946300000.0,3.028426e+20,,1474.91,,,,26.513,11.077,29.653,115.403,113.102,40.191,-0.00617701,,0.5962283,-0.04163859,,JSOC,hmi.sharp_720s_nrt,2026-03-27 23:15:52,2026-03-27 23:15:52
288,13363,2026.03.27_22:24:00_TAI,14397,0.0,175.335,,1.384659e+22,4395562000000.0,11.473,187661800000.0,4.034326e+21,,1401.008,,,,23.923,3.359,28.574,81.598,81.842,30.352,0.00154183,,0.00714837,0.00695162,,JSOC,hmi.sharp_720s_nrt,2026-03-27 23:40:21,2026-03-27 23:40:21
289,13363,2026.03.27_22:36:00_TAI,14397,0.0,171.68,,1.344344e+22,4204893000000.0,9.93,163359300000.0,4.027658e+21,,1365.538,,,,23.551,3.278,27.998,81.987,81.929,29.987,0.00133966,,-0.03630012,0.00603385,,JSOC,hmi.sharp_720s_nrt,2026-03-27 23:40:21,2026-03-27 23:40:21
317,13370,2026.03.27_22:12:00_TAI,14398,3.416,272.483,,2.129187e+22,7043788000000.0,4.728,1320896000000.0,5.307631e+21,,1546.643,,,,26.577,7.081,29.821,87.693,89.31,30.797,0.00045608,,0.05015959,0.00232472,,JSOC,hmi.sharp_720s_nrt,2026-03-27 23:40:21,2026-03-27 23:40:21
318,13370,2026.03.27_22:24:00_TAI,14398,3.221,263.62,,2.063752e+22,6862246000000.0,13.408,2211208000000.0,5.231203e+21,,1532.372,,,,26.094,6.124,29.455,87.794,89.161,30.952,0.00132232,,0.16511385,0.00668611,,JSOC,hmi.sharp_720s_nrt,2026-03-27 23:40:21,2026-03-27 23:40:21
319,13370,2026.03.27_22:36:00_TAI,14398,3.049,279.143,,2.13471e+22,7377638000000.0,9.84,1628860000000.0,5.386324e+21,,1496.377,,,,26.465,6.535,29.921,86.37,87.342,30.96,0.00091603,,0.06758066,0.00482178,,JSOC,hmi.sharp_720s_nrt,2026-03-27 23:40:21,2026-03-27 23:40:21
341,13371,2026.03.27_22:12:00_TAI,14400,4.171,124.01,,4.003366e+22,2325321000000.0,69.288,3428610000000.0,3.269547e+21,,5640.874,,,,36.871,28.612,41.565,62.197,94.349,25.423,0.01344877,,-0.26741609,0.04258285,,JSOC,hmi.sharp_720s_nrt,2026-03-27 23:40:21,2026-03-27 23:40:21
342,13371,2026.03.27_22:24:00_TAI,14400,4.332,114.739,,4.202435e+22,2248865000000.0,39.683,1651496000000.0,3.061529e+21,,6321.173,,,,37.579,33.26,41.345,83.305,132.531,31.997,0.00834032,,-0.20364504,0.0261965,,JSOC,hmi.sharp_720s_nrt,2026-03-27 23:40:21,2026-03-27 23:40:21
364,13372,2026.03.27_22:12:00_TAI,,0.0,47.122,,2.732957e+21,1370038000000.0,6.553,865454100000.0,8.239366e+20,,1214.089,,,,24.756,4.838,27.852,98.355,99.873,31.349,0.00386598,,0.97499138,0.0243047,,JSOC,hmi.sharp_720s_nrt,2026-03-27 23:40:21,2026-03-27 23:40:21
365,13372,2026.03.27_22:24:00_TAI,,0.0,46.654,,2.632087e+21,1339474000000.0,3.978,444805800000.0,8.135932e+20,,1196.816,,,,24.472,5.254,27.557,99.642,101.144,30.856,0.00240196,,0.51289302,0.01472737,,JSOC,hmi.sharp_720s_nrt,2026-03-27 23:40:21,2026-03-27 23:40:21
387,13376,2026.03.27_22:12:00_TAI,14399,3.261,496.065,,2.000995e+23,12437180000000.0,44.549,618098300000.0,6.678239e+21,,10998.78,,,,50.79,57.683,60.586,79.215,77.037,54.437,0.00325273,,0.00336251,0.00906045,,JSOC,hmi.sharp_720s_nrt,2026-03-27 23:40:21,2026-03-27 23:40:21
388,13376,2026.03.27_22:24:00_TAI,14399,3.3,518.672,,2.000402e+23,12710020000000.0,45.195,733388700000.0,6.775504e+21,,10793.81,,,,50.235,56.073,60.224,80.03,77.901,54.533,0.00323905,,0.10035085,0.00914615,,JSOC,hmi.sharp_720s_nrt,2026-03-27 23:40:21,2026-03-27 23:40:21
410,13377,2026.03.27_22:12:00_TAI,"14401,14402",4.25,2895.687,,7.110088e+23,72665370000000.0,375.752,12525030000000.0,4.081596e+22,,7049.21,,,,43.549,42.776,50.694,97.305,97.491,54.965,-0.00494749,,0.00448789,-0.01479933,,JSOC,hmi.sharp_720s_nrt,2026-03-27 23:40:21,2026-03-27 23:40:21
411,13377,2026.03.27_22:24:00_TAI,"14401,14402",4.167,2929.993,,7.114918e+23,73399670000000.0,351.628,11410980000000.0,4.090874e+22,,7054.555,,,,43.504,42.847,50.515,96.932,97.323,54.731,-0.00463022,,0.00874061,-0.01380246,,JSOC,hmi.sharp_720s_nrt,2026-03-27 23:40:21,2026-03-27 23:40:21
432,13388,2026.03.27_22:00:00_TAI,14403,3.685,1115.011,,2.815592e+23,27318280000000.0,255.043,8029371000000.0,2.192667e+22,,5414.508,,,,32.724,22.058,37.072,90.937,92.242,34.661,-0.00651383,,-0.22680442,-0.020836,,JSOC,hmi.sharp_720s_nrt,2026-03-27 23:40:21,2026-03-27 23:40:21
433,13388,2026.03.27_22:12:00_TAI,14403,3.707,1103.084,,2.823237e+23,26551670000000.0,254.144,8056661000000.0,2.169958e+22,,5538.982,,,,32.499,21.834,36.932,91.734,92.857,35.069,-0.00662178,,-0.20898347,-0.02085374,,JSOC,hmi.sharp_720s_nrt,2026-03-27 23:40:21,2026-03-27 23:40:21
434,13388,2026.03.27_22:24:00_TAI,14403,3.571,1129.133,,2.827615e+23,27188760000000.0,253.775,7898922000000.0,2.185286e+22,,5467.791,,,,32.504,21.882,36.944,91.599,92.64,35.053,-0.00651707,,-0.18736057,-0.02079704,,JSOC,hmi.sharp_720s_nrt,2026-03-27 23:40:21,2026-03-27 23:40:21
455,13392,2026.03.27_22:00:00_TAI,,4.287,2245.969,,7.270802e+23,43607600000000.0,486.787,15206230000000.0,4.580956e+22,,7564.623,,,,36.928,30.597,44.295,62.586,68.834,34.725,0.00672637,,-0.03628414,0.0163637,,JSOC,hmi.sharp_720s_nrt,2026-03-27 23:40:21,2026-03-27 23:40:21
456,13392,2026.03.27_22:12:00_TAI,,4.301,2225.112,,7.190933e+23,43256420000000.0,476.814,14452350000000.0,4.580407e+22,,7432.03,,,,36.863,30.402,44.231,62.001,67.89,34.32,0.00654506,,-0.0758682,0.01610496,,JSOC,hmi.sharp_720s_nrt,2026-03-27 23:40:21,2026-03-27 23:40:21
457,13392,2026.03.27_22:24:00_TAI,,4.295,2222.068,,7.21441e+23,42886690000000.0,462.538,14366690000000.0,4.547169e+22,,7522.165,,,,37.245,31.185,44.401,61.872,68.158,34.319,0.00640493,,-0.04942443,0.01569664,,JSOC,hmi.sharp_720s_nrt,2026-03-27 23:40:21,2026-03-27 23:40:21
478,13393,2026.03.27_22:00:00_TAI,,3.716,701.726,,1.441447e+23,13829750000000.0,98.141,1431194000000.0,1.858678e+22,,3536.282,,,,25.124,15.381,36.391,60.053,60.849,28.225,-0.00319751,,-0.08904199,-0.00988419,,JSOC,hmi.sharp_720s_nrt,2026-03-27 23:40:21,2026-03-27 23:40:21
479,13393,2026.03.27_22:12:00_TAI,,3.716,699.613,,1.441104e+23,13854120000000.0,100.865,1624495000000.0,1.847057e+22,,3566.583,,,,25.083,15.231,36.206,60.596,61.436,28.511,-0.00331554,,-0.10195635,-0.01022473,,JSOC,hmi.sharp_720s_nrt,2026-03-27 23:40:21,2026-03-27 23:40:21
480,13393,2026.03.27_22:24:00_TAI,,3.69,710.183,,1.444376e+23,13969050000000.0,98.184,1463257000000.0,1.855488e+22,,3531.157,,,,24.896,15.244,36.498,60.402,61.353,28.307,-0.00318841,,-0.09071659,-0.00996133,,JSOC,hmi.sharp_720s_nrt,2026-03-27 23:40:21,2026-03-27 23:40:21
501,13395,2026.03.27_22:00:00_TAI,,3.591,191.454,,1.163592e+23,3755704000000.0,38.111,1400921000000.0,4.876249e+21,,11207.09,,,,45.475,51.97,55.522,52.532,55.382,33.062,-0.00487481,,-0.3421793,-0.01013213,,JSOC,hmi.sharp_720s_nrt,2026-03-27 23:40:21,2026-03-27 23:40:21
502,13395,2026.03.27_22:12:00_TAI,,3.615,194.381,,1.159866e+23,3794024000000.0,38.082,1458627000000.0,4.909131e+21,,11058.04,,,,44.639,51.089,55.192,53.763,57.197,33.305,-0.00482232,,-0.23780102,-0.01011805,,JSOC,hmi.sharp_720s_nrt,2026-03-27 23:40:21,2026-03-27 23:40:21
503,13395,2026.03.27_22:24:00_TAI,,3.66,199.188,,1.181324e+23,3974317000000.0,39.983,1587217000000.0,4.919587e+21,,11092.67,,,,45.479,52.101,55.899,53.015,57.279,33.228,-0.00498601,,-0.31156164,-0.01058904,,JSOC,hmi.sharp_720s_nrt,2026-03-27 23:40:21,2026-03-27 23:40:21
530,13398,2026.03.27_22:00:00_TAI,,0.0,18.891,,1.21584e+21,521299700000.0,2.082,27897580000.0,2.884164e+20,,1525.853,,,,25.646,9.167,29.692,120.096,117.001,41.736,-0.00347,,-0.08878737,-0.02234207,,JSOC,hmi.sharp_720s_nrt,2026-03-27 23:40:21,2026-03-27 23:40:21
531,13398,2026.03.27_22:12:00_TAI,,0.0,19.81,,1.218619e+21,574500500000.0,1.971,32581620000.0,3.00219e+20,,1431.52,,,,26.089,8.892,29.425,113.611,110.808,40.445,-0.00307421,,-0.0970602,-0.02057392,,JSOC,hmi.sharp_720s_nrt,2026-03-27 23:40:21,2026-03-27 23:40:21
532,13398,2026.03.27_22:24:00_TAI,,0.0,20.574,,1.325755e+21,592025400000.0,2.156,2221414000.0,3.137086e+20,,1489.964,,,,26.089,9.104,29.089,117.799,113.884,42.45,-0.00321761,,-0.00633099,-0.02171237,,JSOC,hmi.sharp_720s_nrt,2026-03-27 23:40:21,2026-03-27 23:40:21
