harpnum_x,target_time,harpnum_y,t_rec,noaa_ars,r_value,totusjh,totbsq,totpot,totusjz,absnjzh,savncpp,usflux,totfz,meanpot,epsx,epsy,epsz,meanshr,shrgt45,meangam,meangbt,meangbz,meangbh,meanjzh,totfy,meanjzd,meanalp,totfx,t_rec_dt,fetched_at_utc,harpnum
13370,2026-03-26 13:12:00,13370,2026.03.26_13:12:00_TAI,14398,0.8592479674796749,0.703420381995933,0.0,0.2025960023501297,0.3950679209586605,0.7431098934268268,0.8247973317181732,0.6670690054058368,0.0,0.1943126507673196,0.0,0.0,0.0,0.367018711419753,0.3784808215040773,0.4351653580775637,0.7138718247718883,0.7435073833302275,0.7887237384198666,0.1968012474026036,0.0,0.4287935778606763,0.3306268267121748,0.0,2026-03-26 13:12:00,2026-03-29 01:31:27,13370
13370,2026-03-26 14:12:00,13370,2026.03.26_14:12:00_TAI,14398,0.7886178861788617,0.6955427888130186,0.0,0.1920657754588442,0.3877339797651983,0.7609881817548587,0.8293075832649324,0.666507528622947,0.0,0.1834686667635617,0.0,0.0,0.0,0.3412905092592592,0.3376321353065539,0.4160123721151558,0.7187766731183053,0.7559170786787841,0.7716522887123574,0.1845196814947954,0.0,0.4044657680150723,0.3233609158389113,0.0,2026-03-26 14:12:00,2026-03-29 01:31:27,13370
13370,2026-03-26 15:12:00,13370,2026.03.26_15:12:00_TAI,14398,0.7235772357723577,0.7232364580281007,0.0,0.1877313178428722,0.4234293438681401,0.6526968353107805,0.8093131022658557,0.6800336949616015,0.0,0.1661857258324258,0.0,0.0,0.0,0.3584587191358024,0.3466928420416792,0.4101832024744229,0.7038337160237067,0.7401857069250924,0.7457947328887169,0.2531450921035892,0.0,0.3844226353191494,0.3517291695064979,0.0,2026-03-26 15:12:00,2026-03-29 01:31:27,13370
13370,2026-03-26 16:12:00,13370,2026.03.26_16:12:00_TAI,14398,0.7665142276422764,0.7363929117940431,0.0,0.1842032593293012,0.4458151622164365,0.7376883605377418,0.8422269176350405,0.6868045512028017,0.0,0.1514812276099413,0.0,0.0,0.0,0.3548900462962962,0.3529900332225913,0.4028075184392101,0.6330740656143683,0.6939234150779992,0.6535861425352241,0.2289799286918909,0.0,0.4616705742940667,0.3240704679392652,0.0,2026-03-26 16:12:00,2026-03-29 01:31:27,13370
13370,2026-03-26 17:12:00,13370,2026.03.26_17:12:00_TAI,14398,0.7253556910569106,0.6921330622127112,0.0,0.1724126071633099,0.404953812427456,0.5691680791288398,0.8291229191120104,0.6697705166771086,0.0,0.1455760186061762,0.0,0.0,0.0,0.3484037422839506,0.3585925702204772,0.3951701165833927,0.6365242898188331,0.7040638463478004,0.6263628707349829,0.2947882449267183,0.0,0.5305167825979927,0.368274136499546,0.0,2026-03-26 17:12:00,2026-03-29 01:31:27,13370
13370,2026-03-26 18:12:00,13370,2026.03.26_18:12:00_TAI,14398,0.8089430894308943,0.643881879019822,0.0,0.168930005382127,0.3816596849599262,0.3706494230188767,0.8329060528219236,0.6581527813276697,0.0,0.1359794012505125,0.0,0.0,0.0,0.3736255787037036,0.3858350951374207,0.4292886033785391,0.5767043746919442,0.6309102270360344,0.6026904604739035,0.3913777861865818,0.0,0.530885058191864,0.4239826618349707,0.0,2026-03-26 18:12:00,2026-03-29 01:31:27,13370
13370,2026-03-26 19:12:00,13370,2026.03.26_19:12:00_TAI,14398,0.8526422764227641,0.661066664298801,0.0,0.1684541250115587,0.4054225013684748,0.4288235157537905,0.8296814760938411,0.6594616077653919,0.0,0.1344440324491745,0.0,0.0,0.0,0.3655478395061727,0.34879190576865,0.4125624553890078,0.6107377709387735,0.6452712702397527,0.6538592857305443,0.3660121934909331,0.0,0.527577854101456,0.4026558248551466,0.0,2026-03-26 19:12:00,2026-03-29 01:31:27,13370
13370,2026-03-26 20:12:00,13370,2026.03.26_20:12:00_TAI,14398,0.8264735772357723,0.6917882417709267,0.0,0.1671410415257989,0.4010629046950467,0.4685040284195129,0.8290351036195993,0.6571420550331672,0.0,0.1425953369069272,0.0,0.0,0.0,0.3433641975308643,0.3176532769556026,0.3944563407090172,0.6547852325595374,0.6798802880978745,0.681970272915576,0.3380187045149841,0.0,0.5322363102832139,0.3917578436874316,0.0,2026-03-26 20:12:00,2026-03-29 01:31:27,13370
13370,2026-03-26 21:12:00,13370,2026.03.26_21:12:00_TAI,14398,0.8864329268292682,0.6727550413340555,0.0,0.1640857829815172,0.3993622026341826,0.4101325779563027,0.85679421990449,0.6658130585519518,0.0,0.1373851088313944,0.0,0.0,0.0,0.3342737268518518,0.313349441256418,0.3654532476802284,0.60954762391354,0.6708690075532511,0.6068558942025357,0.3669151250827741,0.0,0.5585917786903781,0.4089528369692025,0.0,2026-03-26 21:12:00,2026-03-29 01:31:27,13370
13370,2026-03-26 22:12:00,13370,2026.03.26_22:12:00_TAI,14398,0.839430894308943,0.641512533409105,0.0,0.1488576943774209,0.3666253926122206,0.3282523392695443,0.9058007862417164,0.6377783684555898,0.0,0.130060374570218,0.0,0.0,0.0,0.302686149691358,0.284098459679855,0.3330954080418749,0.6053400334202902,0.672195485589625,0.569389752577789,0.3961462305541873,0.0,0.6356609330025808,0.4294780670619122,0.0,2026-03-26 22:12:00,2026-03-29 01:31:27,13370
13370,2026-03-26 23:12:00,13370,2026.03.26_23:12:00_TAI,14398,0.7012195121951219,0.5915254086788198,0.0,0.142860486103473,0.3372325669336077,0.2788084236922148,0.9021987919438152,0.6218010178026268,0.0,0.1241196573511854,0.0,0.0,0.0,0.302589699074074,0.2829507701600725,0.325529383773495,0.5560751595878966,0.6232473497845844,0.5127808253476885,0.419382366085263,0.0,0.6315743102572307,0.4424334505851676,0.0,2026-03-26 23:12:00,2026-03-29 01:31:27,13370
13370,2026-03-27 00:12:00,13370,2026.03.27_00:12:00_TAI,14398,0.5698678861788617,0.5621727535614179,0.0,0.1394843246745945,0.3339162158586035,0.2428544893078548,0.8948249657229952,0.6365267336707732,0.0,0.1090966295505665,0.0,0.0,0.0,0.3024932484567901,0.2796134098459679,0.3126100404472995,0.4906411165743001,0.5652879334349205,0.4318393918011518,0.4442762683611856,0.0,0.6082954834820372,0.4529778174518174,0.0,2026-03-27 00:12:00,2026-03-29 01:31:27,13370
13370,2026-03-27 01:12:00,13370,2026.03.27_01:12:00_TAI,14398,0.7190040650406504,0.5435420902926386,0.0,0.1334308782637819,0.3203458048733099,0.200143955048875,0.8632435287922253,0.6243051951762744,0.0,0.1044656191946678,0.0,0.0,0.0,0.2891348379629629,0.2549229839927514,0.292481560789912,0.4867340682591395,0.5570878873918812,0.4008148771993717,0.4629077137367601,0.0,0.5693716922308244,0.46591571941701,0.0,2026-03-27 01:12:00,2026-03-29 01:31:27,13370
13370,2026-03-27 02:12:00,13370,2026.03.27_02:12:00_TAI,14398,0.7827743902439024,0.5555590086930269,0.0,0.1343134548572729,0.3383443573924717,0.2683136362580975,0.848108329174158,0.6417138123333981,0.0,0.0980298756804362,0.0,0.0,0.0,0.2873022762345679,0.2519178495922682,0.288698548655722,0.4573771083033792,0.5339786667251342,0.3630983543122482,0.4357793167339189,0.0,0.5468146251897091,0.4404617963783523,0.0,2026-03-27 02:12:00,2026-03-29 01:31:27,13370
13370,2026-03-27 03:12:00,13370,2026.03.27_03:12:00_TAI,14398,0.7891260162601625,0.5350532917772903,0.0,0.1281159372460984,0.3228834360914099,0.241798044997562,0.8599540897518105,0.6331946390360175,0.0,0.0955757117252207,0.0,0.0,0.0,0.2873987268518518,0.2483237692540018,0.2864858434451582,0.4642775567123089,0.5398107850338199,0.3692896000728382,0.4445241831046101,0.0,0.5634965599792154,0.4506622855079212,0.0,2026-03-27 03:12:00,2026-03-29 01:31:27,13370
13370,2026-03-27 04:12:00,13370,2026.03.27_04:12:00_TAI,14398,0.7771849593495934,0.5484820500981183,0.0,0.1267433687140176,0.3296721764891631,0.3904780700736029,0.7804413174383873,0.6219338976152307,0.0,0.0979008571426092,0.0,0.0,0.0,0.2896412037037037,0.2615372999093929,0.2856768974541994,0.4792686005554018,0.557252326817878,0.3812168529351513,0.3696160909716626,0.0,0.498604452553597,0.3926750722718591,0.0,2026-03-27 04:12:00,2026-03-29 01:31:27,13370
13370,2026-03-27 05:12:00,13370,2026.03.27_05:12:00_TAI,14398,0.7085873983739838,0.5747964375460624,0.0,0.1316553599427664,0.3626627101568375,0.3473147739673548,0.8333067179802551,0.6399300909206571,0.0,0.0962465920548552,0.0,0.0,0.0,0.3005642361111111,0.2582905466626397,0.282583868665239,0.502410348268276,0.5634900623773558,0.4447909316459154,0.3981758694141709,0.0,0.5337971670620194,0.4119625416680682,0.0,2026-03-27 05:12:00,2026-03-29 01:31:27,13370
13370,2026-03-27 06:12:00,13370,2026.03.27_06:12:00_TAI,14398,0.873729674796748,0.5721444279680457,0.0,0.1315812221768477,0.357271351840661,0.2940397966054471,0.8101660197568297,0.6504709437580463,0.0,0.0928637517003374,0.0,0.0,0.0,0.2829378858024691,0.242343702808819,0.2691172971686891,0.5305290744503084,0.5732358390247647,0.4526893223772563,0.4255626196759493,0.0,0.5128986852212902,0.4321430088815167,0.0,2026-03-27 06:12:00,2026-03-29 01:31:27,13370
13370,2026-03-27 07:12:00,13370,2026.03.27_07:12:00_TAI,14398,0.8058943089430894,0.543142512956665,0.0,0.1258883908509051,0.3442083522594306,0.1825210708398152,0.8028108060405157,0.6592494085770322,0.0,0.0813162712235092,0.0,0.0,0.0,0.2717013888888889,0.2347478103292057,0.2554365929098263,0.5074113701116815,0.5569892237362831,0.3939180115175381,0.4787553375065648,0.0,0.5048518376737469,0.4729481740401962,0.0,2026-03-27 07:12:00,2026-03-29 01:31:27,13370
13370,2026-03-27 08:12:00,13370,2026.03.27_08:12:00_TAI,14398,0.8053861788617885,0.5490754964378419,0.0,0.120053819439082,0.3404405381769213,0.1385102974297058,0.842450856691634,0.6633735622143283,0.0,0.0792710944264987,0.0,0.0,0.0,0.2352189429012345,0.1872848082150407,0.2122293599809659,0.5136506257288148,0.5786513774542585,0.3571574898140349,0.4961419899072603,0.0,0.5397404332660347,0.4906230250265101,0.0,2026-03-27 08:12:00,2026-03-29 01:31:27,13370
13370,2026-03-27 09:12:00,13370,2026.03.27_09:12:00_TAI,14398,0.7289126016260163,0.5666480197243212,0.0,0.127169005242102,0.3634712524111373,0.2049966333093408,0.6964963400497615,0.6762337408329384,0.0,0.0825350384946007,0.0,0.0,0.0,0.2593074845679013,0.2144669284204167,0.2343088270283131,0.4856641381051417,0.563676427060152,0.3251314501627478,0.469023379012712,0.0,0.4134269686562506,0.4662794022103771,0.0,2026-03-27 09:12:00,2026-03-29 01:31:27,13370
13370,2026-03-27 10:12:00,13370,2026.03.27_10:12:00_TAI,14398,0.8155487804878048,0.5544683105574251,0.0,0.1237340247996113,0.3373265918207033,0.2215282453737027,0.7296206069472362,0.6560011723381042,0.0,0.0891662378634607,0.0,0.0,0.0,0.2515190972222222,0.1975234068257324,0.2225791101594099,0.5320077419665075,0.6071761365504995,0.3553592971115106,0.4548035112556555,0.0,0.3957296726415056,0.4597103195186244,0.0,2026-03-27 10:12:00,2026-03-29 01:31:27,13370
13370,2026-03-27 11:12:00,13370,2026.03.27_11:12:00_TAI,14398,0.7370426829268292,0.5474239101158181,0.0,0.122724027823483,0.3309206977952922,0.2538833035361861,0.7864346888963598,0.643807775768051,0.0,0.0905713027617133,0.0,0.0,0.0,0.240210262345679,0.1874056176381758,0.2211277658815132,0.533426301047089,0.6015084576678106,0.3745931304486378,0.4375903991753572,0.0,0.4190870891309065,0.4467801625475101,0.0,2026-03-27 11:12:00,2026-03-29 01:31:27,13370
13370,2026-03-27 12:12:00,13370,2026.03.27_12:12:00_TAI,14398,0.7599085365853658,0.5506900848583868,0.0,0.1228549448778425,0.3249523065937679,0.2433188604332583,0.7564954351052648,0.6538740740569267,0.0,0.0910722738712332,0.0,0.0,0.0,0.2287567515432098,0.1744337058290546,0.2100642398286936,0.5665340273854031,0.6276324011444985,0.3686977898163113,0.4423842874245246,0.0,0.4111245890963654,0.4523913001145375,0.0,2026-03-27 12:12:00,2026-03-29 01:31:27,13370
13370,2026-03-27 13:12:00,13370,2026.03.27_13:12:00_TAI,14398,0.8714430894308944,0.5609370236520184,0.0,0.124236421597406,0.3385607581822377,0.1771459750632706,0.730584658322297,0.6602133829647944,0.0,0.0889216167876928,0.0,0.0,0.0,0.2422598379629629,0.1948051948051948,0.2266476326433499,0.5728093480639073,0.642508687883007,0.3767555140782556,0.4761209171540692,0.0,0.3950112465727271,0.4771145382832845,0.0,2026-03-27 13:12:00,2026-03-29 01:31:27,13370
13370,2026-03-27 14:12:00,13370,2026.03.27_14:12:00_TAI,14398,0.8628048780487805,0.5357384929126819,0.0,0.1186730087522275,0.3151742925336022,0.2049734147530706,0.7743896155773426,0.6416566206804926,0.0,0.0922314323284594,0.0,0.0,0.0,0.2233555169753086,0.1764723648444578,0.2035688793718772,0.5905533582582979,0.6607614641686492,0.3806250426786243,0.4567091927439268,0.0,0.3402258642641944,0.4657676793873401,0.0,2026-03-27 14:12:00,2026-03-29 01:31:27,13370
13370,2026-03-27 15:12:00,13370,2026.03.27_15:12:00_TAI,14398,0.8185975609756098,0.5302613235777267,0.0,0.1124128424393644,0.3156723732236788,0.2160951032064826,0.7482884275822421,0.6314867192584765,0.0,0.0837275361132205,0.0,0.0,0.0,0.2194010416666666,0.1666112956810631,0.1934332619557458,0.545051272495582,0.6258235674585341,0.3337809846812192,0.4514788440648883,0.0,0.3548183501386741,0.4588978696398003,0.0,2026-03-27 15:12:00,2026-03-29 01:31:27,13370
13370,2026-03-27 16:12:00,13370,2026.03.27_16:12:00_TAI,14398,0.8518800813008129,0.4903894251118076,0.0,0.1064155509113279,0.3022611226865795,0.1035199331305579,0.6109381386171076,0.6292161879430282,0.0,0.072817677139962,0.0,0.0,0.0,0.2115162037037036,0.1518876472364844,0.1921246728527242,0.4725725208275729,0.5643341847641392,0.2669519495595567,0.5085977485426854,0.0,0.3972231161562412,0.5015511010283583,0.0,2026-03-27 16:12:00,2026-03-29 01:31:27,13370
13370,2026-03-27 17:12:00,13370,2026.03.27_17:12:00_TAI,14398,0.7916666666666666,0.4664947004205921,0.0,0.1024757593024725,0.2964554447820369,0.0413058116046344,0.6954385708873927,0.6256575962066865,0.0,0.0659234599050712,0.0,0.0,0.0,0.1997492283950617,0.1424796134098459,0.1833928146561979,0.4488056453842732,0.5377936614082595,0.2698427150433615,0.5391310588242969,0.0,0.4594772152243491,0.5257045289184803,0.0,2026-03-27 17:12:00,2026-03-29 01:31:27,13370
13370,2026-03-27 18:12:00,13370,2026.03.27_18:12:00_TAI,14398,0.6288109756097561,0.4452209070701509,0.0,0.0960753931043685,0.2750632756985897,0.0479811465323086,0.7436279445391367,0.6215834852656826,0.0,0.0584344398967864,0.0,0.0,0.0,0.1871141975308641,0.1365297493204469,0.1689031644063764,0.4543235997739923,0.5266337056972782,0.2620126101108506,0.5822219032675815,0.0,0.4504563477552306,0.5620334194281629,0.0,2026-03-27 18:12:00,2026-03-29 01:31:27,13370
13370,2026-03-27 19:12:00,13370,2026.03.27_19:12:00_TAI,14398,0.7682926829268293,0.4542913125967495,0.0,0.0983534747313558,0.28250771407807,0.0956720611112401,0.6887182987507554,0.6228092476360898,0.0,0.0630452860851916,0.0,0.0,0.0,0.1884162808641975,0.1283449109030504,0.1694503925767309,0.4710818316242501,0.5374757451846656,0.2867548312202672,0.5122825445186376,0.0,0.4317561349143827,0.5038305634284036,0.0,2026-03-27 19:12:00,2026-03-29 01:31:27,13370
13370,2026-03-27 20:12:00,13370,2026.03.27_20:12:00_TAI,14398,0.665650406504065,0.433354940107797,0.0,0.0929778831101106,0.2598275475908581,0.046541596043558,0.7906844245871412,0.5950002603128011,0.0,0.066143096693626,0.0,0.0,0.0,0.1873070987654321,0.1234219269102989,0.1582441113490364,0.4488417104456439,0.5248467972681131,0.2671112830901601,0.5344330744364016,0.0,0.4206203632015626,0.5229162204074842,0.0,2026-03-27 20:12:00,2026-03-29 01:31:27,13370
13370,2026-03-27 21:12:00,13370,2026.03.27_21:12:00_TAI,14398,0.7853150406504066,0.3816451930846481,0.0,0.0884923193232881,0.2371496420074199,0.0322505746592677,0.7940562102989341,0.5678029059441962,0.0,0.0625658448437524,0.0,0.0,0.0,0.1941792052469136,0.1248867411658108,0.1596478705686414,0.3661084596612288,0.466536576809656,0.1827100357362348,0.576463104740717,0.0,0.4494673937839027,0.5569608908779018,0.0,2026-03-27 21:12:00,2026-03-29 01:31:27,13370
13370,2026-03-27 22:12:00,13370,2026.03.27_22:12:00_TAI,14398,0.8678861788617886,0.3555897909470574,0.0,0.0827292215465477,0.2207988218035674,0.0546680907381178,0.7865863864936142,0.5518286191297818,0.0,0.055851257403744,0.0,0.0,0.0,0.1794704861111111,0.1045152521896707,0.1452771829645491,0.316987846074318,0.4257775244192548,0.1421710331641363,0.5887936011899907,0.0,0.4380036703385171,0.5681626970990351,0.0,2026-03-27 22:12:00,2026-03-29 01:31:27,13370
13370,2026-03-27 23:12:00,13370,2026.03.27_23:12:00_TAI,14398,0.713160569105691,0.3407654717824405,0.0,0.0809288935071227,0.2130719498891852,0.1082333000534027,0.8336664070517976,0.5472731451101568,0.0,0.0545730419894446,0.0,0.0,0.0,0.1684268904320987,0.095741467834491,0.1373780632881275,0.3286609042713054,0.4336706168671002,0.1574898140350079,0.618437028024152,0.0,0.4688508461453381,0.5936968361477906,0.0,2026-03-27 23:12:00,2026-03-29 01:31:27,13370
13370,2026-03-28 00:12:00,13370,2026.03.28_00:12:00_TAI,14398,0.7624491869918699,0.3190151454609494,0.0,0.0761635959825273,0.1983573421576049,0.1771575843414056,0.8549666353771643,0.531201950217208,0.0,0.051686352624727,0.0,0.0,0.0,0.1607831790123456,0.0971911809121111,0.1385914822745658,0.324104684851472,0.4328593823655161,0.1421937950970796,0.659412115854474,0.0,0.4859206923954227,0.6281381609577947,0.0,2026-03-28 00:12:00,2026-03-29 01:31:27,13370
13370,2026-03-28 01:12:00,13370,2026.03.28_01:12:00_TAI,14398,0.678099593495935,0.3322914724276838,0.0,0.0745401828814258,0.2026193252077887,0.128085165664399,0.8123136714960331,0.5304224869953671,0.0,0.050375280061006,0.0,0.0,0.0,0.1524160879629629,0.0841286620356387,0.1189864382583869,0.336042220165178,0.4374965741786252,0.1435139872077937,0.6323065531043166,0.0,0.4706592343170481,0.6043017246110244,0.0,2026-03-28 01:12:00,2026-03-29 01:31:27,13370
13370,2026-03-28 02:12:00,13370,2026.03.28_02:12:00_TAI,14398,0.7685467479674797,0.3054265562057319,0.0,0.0696620760667464,0.1894082543730634,0.2147019898302724,0.8484437375875049,0.5055834939806012,0.0,0.0466202461288092,0.0,0.0,0.0,0.1431327160493827,0.074146783449109,0.1246966452533904,0.2906843946479448,0.3923305451715104,0.141624746773496,0.6855462442547389,0.0,0.4999847171679242,0.6520568048845687,0.0,2026-03-28 02:12:00,2026-03-29 01:31:27,13370
13370,2026-03-28 03:12:00,13370,2026.03.28_03:12:00_TAI,14398,0.7388211382113821,0.3025569989670185,0.0,0.0685514248974732,0.1833703134649775,0.1945250644314936,0.8418723334973892,0.500721863057129,0.0,0.04880922316412,0.0,0.0,0.0,0.1313416280864197,0.0648142555119298,0.1013799666904591,0.3166151737734874,0.4173911136934193,0.1400314114674618,0.677609058021836,0.0,0.4941849026283962,0.6413441503608726,0.0,2026-03-28 03:12:00,2026-03-29 01:31:27,13370
13370,2026-03-28 04:12:00,13370,2026.03.28_04:12:00_TAI,14398,0.7665142276422764,0.2805092095176361,0.0,0.0634257204232294,0.1619206887157898,0.1865494903526899,0.8240483045445086,0.4689475877990596,0.0,0.0518808444554114,0.0,0.0,0.0,0.1213589891975308,0.0669888251283599,0.0944325481798715,0.3178413858600916,0.4218748287089313,0.1272392051533016,0.684346467378008,0.0,0.4571285458911536,0.6413998036754646,0.0,2026-03-28 04:12:00,2026-03-29 01:31:27,13370
13370,2026-03-28 05:12:00,13370,2026.03.28_05:12:00_TAI,14398,0.7507621951219512,0.2860144972577155,0.0,0.0626176562390559,0.1652106984674625,0.2038589240521024,0.828480678813774,0.4604234215795998,0.0,0.0541965103040181,0.0,0.0,0.0,0.1254340277777777,0.0647085472666867,0.096240780394956,0.3563588714040129,0.457349894210636,0.1679147793230601,0.7002404120603998,0.0,0.4392945965767635,0.6505266153402223,0.0,2026-03-28 05:12:00,2026-03-29 01:31:27,13370
13370,2026-03-28 06:12:00,13370,2026.03.28_06:12:00_TAI,14398,0.7014735772357723,0.2925305676662019,0.0,0.0599203070217638,0.1704161602511369,0.0968445982028837,0.7822666593014431,0.4698914770230037,0.0,0.0482218112409626,0.0,0.0,0.0,0.1087721836419753,0.060918151615826,0.0838448727099691,0.409110034502242,0.5023295585349545,0.2195160813056245,0.6255410902377045,0.0,0.4236225658216701,0.592091409518111,0.0,2026-03-28 06:12:00,2026-03-29 01:31:27,13370
13370,2026-03-28 07:12:00,13370,2026.03.28_07:12:00_TAI,14398,0.7149390243902438,0.2878969504849684,0.0,0.0582889847822432,0.1719613982620397,0.0993986393926025,0.7108446709023903,0.4772095121338673,0.0,0.0408430916389271,0.0,0.0,0.0,0.0990306712962962,0.0619601328903653,0.072400666190816,0.4132695382469975,0.4967057301658647,0.2063369221314274,0.6246101051354234,0.0,0.3911711763174074,0.5940690384346439,0.0,2026-03-28 07:12:00,2026-03-29 01:31:27,13370
13370,2026-03-28 08:12:00,13370,2026.03.28_08:12:00_TAI,14398,0.7012195121951219,0.2685026505296619,0.0,0.0523933048693709,0.1606280259550317,0.1937008056839026,0.8087387637224195,0.4637576722488897,0.0,0.0328007218868364,0.0,0.0,0.0,0.0823688271604938,0.0498942917547567,0.0665477040209374,0.3686690790185495,0.4582597923678182,0.1695081146290943,0.6892408263389842,0.0,0.428709122437121,0.6461015682949154,0.0,2026-03-28 08:12:00,2026-03-29 01:31:27,13370
13370,2026-03-28 09:12:00,13370,2026.03.28_09:12:00_TAI,14398,0.6765752032520325,0.2521939755577063,0.0,0.0489005044623317,0.1530763561394286,0.0920499663330934,0.7723315394845685,0.4284555571154654,0.0,0.0330256608070828,0.0,0.0,0.0,0.0926408179012345,0.0575958924796133,0.0759695455626933,0.3482682759698496,0.4530415812495205,0.153415428038149,0.6250765762973932,0.0,0.426519312853809,0.5956625156448881,0.0,2026-03-28 09:12:00,2026-03-29 01:31:27,13370
13370,2026-03-28 10:12:00,13370,2026.03.28_10:12:00_TAI,14398,0.5574186991869918,0.2440692363929117,0.0,0.046971382347807,0.1457482286985272,0.0247509809840024,0.7330389681269835,0.4098713337597289,0.0,0.0351665973158552,0.0,0.0,0.0,0.0930748456790123,0.0521292660827544,0.0687366167023554,0.3413437841866726,0.4458172091340621,0.1558054309972003,0.5779603793095573,0.0,0.4106361165621891,0.5572981300486298,0.0,2026-03-28 10:12:00,2026-03-29 01:31:27,13370
13370,2026-03-28 11:12:00,13370,2026.03.28_11:12:00_TAI,14398,0.6293191056910569,0.2224550623488635,0.0,0.0430105274545301,0.1294484044353477,0.0279435324711509,0.7158227406632238,0.3911412943841836,0.0,0.0351852351121041,0.0,0.0,0.0,0.074025848765432,0.0354424645122319,0.0499643112062812,0.3525600182729644,0.4551135180170799,0.170418591946828,0.5359701458456338,0.0,0.4210265385232446,0.5251862781718628,0.0,2026-03-28 11:12:00,2026-03-29 01:31:27,13370
13370,2026-03-28 12:12:00,13370,2026.03.28_12:12:00_TAI,14398,0.684451219512195,0.202610867911572,0.0,0.0392495656280366,0.1207264477616568,0.0250412129373795,0.6396766236250726,0.3749317728545447,0.0,0.0285341929170654,0.0,0.0,0.0,0.0729407793209876,0.0397463002114165,0.0511777301927194,0.3177331906759794,0.4221817823041253,0.1452894179773747,0.5380695922781081,0.0,0.4119803429057457,0.5260918892651728,0.0,2026-03-28 12:12:00,2026-03-29 01:31:27,13370
13370,2026-03-28 13:12:00,13370,2026.03.28_13:12:00_TAI,14398,0.6130589430894308,0.1944372915168251,0.0,0.0380725609501309,0.1165636932659842,0.0242517820241937,0.647603618399629,0.3594577995275515,0.0,0.0302635715371159,0.0,0.0,0.0,0.0752314814814815,0.0491090305043793,0.0457768260766119,0.3291417717562482,0.4287045462019975,0.1387795051555778,0.5378021053180974,0.0,0.3710085249760844,0.5261002981158864,0.0,2026-03-28 13:12:00,2026-03-29 01:31:27,13370
13370,2026-03-28 14:12:00,13370,2026.03.28_14:12:00_TAI,14398,0.0,0.1814066306159114,0.0,0.0363047852593574,0.107026447514034,0.0124567554389468,0.6685986789032392,0.3498501692169378,0.0,0.0279333649940219,0.0,0.0,0.0,0.0699266975308641,0.0338719420114768,0.0437782536283606,0.2924034959066154,0.397603569431807,0.1163590012063824,0.5478491764989871,0.0,0.3577363786734539,0.5337484797683053,0.0,2026-03-28 14:12:00,2026-03-29 01:31:27,13370
13370,2026-03-28 15:12:00,13370,2026.03.28_15:12:00_TAI,14398,0.4341971544715447,0.1827933119633454,0.0,0.034293820213012,0.1128946053149254,0.0031112865402029,0.6958416320621845,0.3441024080999357,0.0,0.0223318235325892,0.0,0.0,0.0,0.0738088348765432,0.047311990335246,0.0344991672614798,0.2663284565355902,0.3775529220886001,0.1017686021896979,0.5619483489204291,0.0,0.3441748162675421,0.544781555761302,0.0,2026-03-28 15:12:00,2026-03-29 01:31:27,13370
13370,2026-03-28 16:12:00,13370,2026.03.28_16:12:00_TAI,14398,0.5500508130081301,0.167625652273003,0.0,0.0302880663897407,0.1053114263959367,0.0397733868908031,0.7299173377956518,0.337997426103278,0.0,0.0108527566216474,0.0,0.0,0.0,0.0636815200617283,0.0401389308366052,0.0447299547941946,0.2007140882151401,0.3150220896962256,0.0690141806842237,0.5929031142658624,0.0,0.4195011843163927,0.5714744565669585,0.0,2026-03-28 16:12:00,2026-03-29 01:31:27,13370
13370,2026-03-28 17:12:00,13370,2026.03.28_17:12:00_TAI,14398,0.0,0.1475343118538316,0.0,0.0254185222580763,0.0908253134949434,0.0225568274164712,0.6700041814790763,0.3188398110369632,0.0,0.0042856889456563,0.0,0.0,0.0,0.0451630015432098,0.0373754152823919,0.0234594337378063,0.2305759590300902,0.3380107214505751,0.0455693897525778,0.5794759212805448,0.0,0.4296661734242291,0.5599390623865913,0.0,2026-03-28 17:12:00,2026-03-29 01:31:27,13370
13370,2026-03-28 18:12:00,13370,2026.03.28_18:12:00_TAI,14398,0.0,0.1356091482491113,0.0,0.0225179581358646,0.0813065856215204,0.0404118971882328,0.7196352160643884,0.2988285197706324,0.0,0.0013293970521883,0.0,0.0,0.0,0.0278742283950617,0.0243581999395952,0.0322150844634784,0.2075904932498227,0.3185849439261558,0.0392870962602144,0.5975887029165864,0.0,0.4291032349005513,0.5755465531678354,0.0,2026-03-28 18:12:00,2026-03-29 01:31:27,13370
13370,2026-03-28 19:12:00,13370,2026.03.28_19:12:00_TAI,14398,0.4126016260162601,0.1210882118766223,0.0,0.0209591418821256,0.0664764205859523,0.0147553925096937,0.7086642752204741,0.2668436339812285,0.0,0.008124922335821,0.0,0.0,0.0,0.0335889274691358,0.0218665055874358,0.0196526290744706,0.2043326160393349,0.3073811377015755,0.045319008490201,0.5755360340817531,0.0,0.5038156651275628,0.5552583198939247,0.0,2026-03-28 19:12:00,2026-03-29 01:31:27,13370
13370,2026-03-28 20:12:00,13370,2026.03.28_20:12:00_TAI,14398,0.0,0.0969271022947578,0.0,0.0192391457128128,0.0513617046611545,0.0276533005177738,0.7016850450876753,0.2297782230253866,0.0,0.0160758704838972,0.0,0.0,0.0,0.0363136574074074,0.0286620356387798,0.0389959552700452,0.1917098445595856,0.295618237428606,0.0789839073134091,0.5952537374778589,0.0,0.5347323738700315,0.5686839352005114,0.0,2026-03-28 20:12:00,2026-03-29 01:31:27,13370
13370,2026-03-28 21:12:00,13370,2026.03.28_21:12:00_TAI,14398,0.0,0.0938355576471702,0.0,0.0171684666714027,0.0516144234607453,0.0572453504841068,0.6900907559759486,0.2167783560640649,0.0,0.0109908128839486,0.0,0.0,0.0,0.0275366512345678,0.0179704016913319,0.0189864382583868,0.1464602142264645,0.2534011554610334,0.0650991282179683,0.6355053057017128,0.0,0.4953859278141065,0.6012417880934215,0.0,2026-03-28 21:12:00,2026-03-29 01:31:27,13370
13370,2026-03-28 22:12:00,13370,2026.03.28_22:12:00_TAI,14398,0.0,0.0776023583942318,0.0,0.0145121284181662,0.0417762980700889,0.0835287561819406,0.6823448613583216,0.1978213656849265,0.0,0.0051961131582873,0.0,0.0,0.0,0.0269338348765432,0.0238145575354877,0.0318819890554366,0.0955002825096474,0.2097589318014888,0.009878678897412,0.6758221146475206,0.0,0.5257836214819372,0.6366206997580023,0.0,2026-03-28 22:12:00,2026-03-29 01:31:27,13370
13370,2026-03-28 23:12:00,13370,2026.03.28_23:12:00_TAI,14398,0.0,0.0592055218627998,0.0,0.0112405049856669,0.0333287361623268,0.0705263646706448,0.6537752084513881,0.1615833046126838,0.0,0.0029001937334651,0.0,0.0,0.0,0.0265480324074073,0.042102083962549,0.0455389007851534,0.1047088948463026,0.2338109385106175,0.0240138392552296,0.6728295227314985,0.0,0.471394047374097,0.6371856417546352,0.0,2026-03-28 23:12:00,2026-03-29 01:31:27,13370
13370,2026-03-29 00:12:00,13370,2026.03.29_00:12:00_TAI,14398,0.0,0.0346122767916603,0.0,0.0075731665445343,0.0184899581600018,0.0692377347976503,0.7140428077389687,0.1222001565326461,0.0,0.0,0.0,0.0,0.0,0.0261863425925925,0.0424192086982784,0.0509873899595527,0.0549631535289663,0.1909470614674575,0.0343705187444518,0.6953838927181568,0.0,0.5506338610003935,0.6561200500636418,0.0,2026-03-29 00:12:00,2026-03-29 01:31:27,13370
13372,2026-03-26 13:12:00,13372,2026.03.26_13:12:00_TAI,MISSING,0.0,0.0094211456326196,0.0,0.0017902542947017,0.0047715118085748,0.0306484942766258,0.3424009448864016,0.0116221495464587,0.0,0.0356886162814839,0.0,0.0,0.0,0.0656105324074073,0.0453941407429779,0.1546990245063049,0.8492119784090499,0.8627150045494909,0.6613251997359615,0.3974882322047775,0.0,0.393777578444719,0.3879237396903066,0.0,2026-03-26 13:12:00,2026-03-29 01:31:27,13372
13372,2026-03-26 14:12:00,13372,2026.03.26_14:12:00_TAI,MISSING,0.0,0.0127524366817913,0.0,0.0018750527466684,0.0082936769017062,0.0208850913650189,0.2153489302893811,0.0169803606133431,0.0,0.0265778669935521,0.0,0.0,0.0,0.0577256944444444,0.044533373603141,0.1515108256007613,0.7276727215897478,0.7588550630899266,0.6073566567272893,0.4593886291945706,0.0,0.4090714559363886,0.4427891670989112,0.0,2026-03-26 14:12:00,2026-03-29 01:31:27,13372
13372,2026-03-26 15:12:00,13372,2026.03.26_15:12:00_TAI,MISSING,0.0,0.0204243215324826,0.0,0.0025348788633445,0.0130331771838347,0.0419559311801991,0.4637582995887244,0.0186045468181083,0.0,0.0316098309747898,0.0,0.0,0.0,0.082103587962963,0.0468589549984898,0.1564358791339519,0.8081218518206844,0.829958670890933,0.6423417476612114,0.3657192626493604,0.0,0.3542954888236096,0.3474585797716688,0.0,2026-03-26 15:12:00,2026-03-29 01:31:27,13372
13372,2026-03-26 16:12:00,13372,2026.03.26_16:12:00_TAI,MISSING,0.0,0.0368543496212894,0.0,0.0054593327462865,0.0277502970307191,0.1169750864891221,0.667496751125241,0.0309117025787126,0.0,0.0400821554058654,0.0,0.0,0.0,0.1458815586419753,0.1245847176079734,0.1727575541280037,0.7467150739934841,0.7813942270798848,0.6151412377939135,0.1260326790776266,0.0,0.1656122758644339,0.0634482085607411,0.0,2026-03-26 16:12:00,2026-03-29 01:31:27,13372
13372,2026-03-26 17:12:00,13372,2026.03.26_17:12:00_TAI,MISSING,0.0,0.0451759176219525,0.0,0.0062265316610595,0.0390747333847168,0.0584643246882908,0.366134897843696,0.036575298916032,0.0,0.0321470333175351,0.0,0.0,0.0,0.1797598379629629,0.1647085472666868,0.1793956697596954,0.6625151773799934,0.724805139280194,0.47836478273735,0.3707910763740512,0.0,0.430754674880746,0.3065013914435076,0.0,2026-03-26 17:12:00,2026-03-29 01:31:27,13372
13372,2026-03-26 18:12:00,13372,2026.03.26_18:12:00_TAI,MISSING,0.0,0.0297862705227359,0.0,0.004506722813446,0.0233984520273721,0.0146276904502078,0.6216709842017534,0.0274020301311954,0.0,0.0354919553969257,0.0,0.0,0.0,0.1211419753086419,0.1002567200241618,0.1523911491791577,0.697438178473967,0.7335094662296233,0.5008990963512622,0.6163565014010445,0.0,0.603884073095695,0.6067382997480887,0.0,2026-03-26 18:12:00,2026-03-29 01:31:27,13372
13372,2026-03-26 19:12:00,13372,2026.03.26_19:12:00_TAI,MISSING,0.0,0.0225938784752128,0.0,0.0035995821011069,0.0182903885427732,0.0804290789198727,0.7384769094124484,0.0239387010786119,0.0,0.0334320772347705,0.0,0.0,0.0,0.0888551311728394,0.066626396858955,0.1609088746133714,0.7031605015447868,0.6984619432355103,0.6473266109758041,0.8932811842495849,0.0,0.912103405256629,0.9026231852372448,0.0,2026-03-26 19:12:00,2026-03-29 01:31:27,13372
13372,2026-03-26 20:12:00,13372,2026.03.26_20:12:00_TAI,MISSING,0.0,0.0302480043331942,0.0,0.0053276081272675,0.0206848291885404,0.0471801063409877,0.697702935534088,0.0243298511333047,0.0,0.0561766154848145,0.0,0.0,0.0,0.1310040509259259,0.0771217154938084,0.1710444920295027,0.8055011240277461,0.76480777031101,0.78915621514579,0.762397857494691,0.0,0.7905749103902096,0.7438648582621828,0.0,2026-03-26 20:12:00,2026-03-29 01:31:27,13372
13372,2026-03-26 21:12:00,13372,2026.03.26_21:12:00_TAI,MISSING,0.0,0.0444566784172001,0.0,0.0075128447946226,0.0333823877677497,0.0419443219020641,0.6933639979595365,0.0364328531186267,0.0,0.0537498458766719,0.0,0.0,0.0,0.173924575617284,0.1168076109936575,0.178206043302403,0.7430123943594243,0.7337506440544187,0.6887988527985797,0.7075232338521058,0.0,0.7137765460490422,0.7021839555587815,0.0,2026-03-26 21:12:00,2026-03-29 01:31:27,13372
13372,2026-03-26 22:12:00,13372,2026.03.26_22:12:00_TAI,MISSING,0.0,0.0525355401841606,0.0,0.0090641432041589,0.0475549886787935,0.0698994636513501,0.7437842458674795,0.048545353003449,0.0,0.0389518373316279,0.0,0.0,0.0,0.2486738040123456,0.1973421926910298,0.2122293599809659,0.5584554536383635,0.6091274844056612,0.4828716454601325,0.7535316433811656,0.0,0.7492869684953869,0.7900862084226591,0.0,2026-03-26 22:12:00,2026-03-29 01:31:27,13372
13372,2026-03-26 23:12:00,13372,2026.03.26_23:12:00_TAI,MISSING,0.0,0.0390105873194872,0.0,0.0077657374142233,0.0304238695741315,0.0838305974134528,0.7281028338271245,0.046171071036708,0.0,0.0388496507935732,0.0,0.0,0.0,0.1790605709876543,0.1207037148897614,0.1883416607185343,0.5178822595963117,0.590359464585229,0.3897981016547926,0.8140880814987098,0.0,0.7518276453879941,0.8389701769045164,0.0,2026-03-26 23:12:00,2026-03-29 01:31:27,13372
13372,2026-03-27 00:12:00,13372,2026.03.27_00:12:00_TAI,MISSING,0.0,0.0379124896035896,0.0,0.0071722814569974,0.0271596628353678,0.1096728505421532,0.769726976256881,0.0449197880259469,0.0,0.0428425576339304,0.0,0.0,0.0,0.1519820601851852,0.1036846874056176,0.1684273138234594,0.6135989324741834,0.6812725419046473,0.4357316823344639,0.9206007365677508,0.0,0.917993895492306,0.911081050699174,0.0,2026-03-27 00:12:00,2026-03-29 01:31:27,13372
13372,2026-03-27 01:12:00,13372,2026.03.27_01:12:00_TAI,MISSING,0.0,0.0330983226631385,0.0,0.0065669201650985,0.0235320606741878,0.0760059439504051,0.6988122711839209,0.0430849912898473,0.0,0.0394602796267132,0.0,0.0,0.0,0.1439766589506173,0.0892630625188763,0.1556745182012847,0.6228195664979622,0.6870608096997338,0.4179773746386543,0.8140137070756824,0.0,0.7110149569845989,0.8031189312439259,0.0,2026-03-27 01:12:00,2026-03-29 01:31:27,13372
13372,2026-03-27 02:12:00,13372,2026.03.27_02:12:00_TAI,MISSING,0.0,0.0426393414965502,0.0,0.0073428774099946,0.0282851981536813,0.0790243562655274,0.717335912580114,0.0458894248412488,0.0,0.0444923239432795,0.0,0.0,0.0,0.1454234182098765,0.0932346723044397,0.1562931239590768,0.6322806342642127,0.6946250232955855,0.4167937541256004,0.8202194045479307,0.0,0.742865315539957,0.8027463970287549,0.0,2026-03-27 02:12:00,2026-03-29 01:31:27,13372
13372,2026-03-27 03:12:00,13372,2026.03.27_03:12:00_TAI,MISSING,0.0,0.0488446295326128,0.0,0.008658824836403,0.0359911118489552,0.0715015440339919,0.7132584324966942,0.050914891694215,0.0,0.0455496975390943,0.0,0.0,0.0,0.1820264274691358,0.1228178797946239,0.1660480609088745,0.5960232258995226,0.6561023470987405,0.4202990917988755,0.7761010187338733,0.0,0.7145299582606991,0.7692706516947818,0.0,2026-03-27 03:12:00,2026-03-29 01:31:27,13372
13372,2026-03-27 04:12:00,13372,2026.03.27_04:12:00_TAI,MISSING,0.0,0.0530816292099912,0.0,0.0099143755842199,0.0387966063331934,0.0356056560403074,0.6917622478681777,0.0525922638666722,0.0,0.0539256999111073,0.0,0.0,0.0,0.201003086419753,0.1301872546058592,0.1812276945039257,0.6793094742916219,0.7278856378605335,0.4703981062071791,0.6661801883499643,0.0,0.6571143795479071,0.6525551399321274,0.0,2026-03-27 04:12:00,2026-03-29 01:31:27,13372
13372,2026-03-27 05:12:00,13372,2026.03.27_05:12:00_TAI,MISSING,0.0,0.0549270845357651,0.0,0.0101382624793445,0.0352708525039132,0.0684483038844644,0.7487298081329294,0.054612513615358,0.0,0.0646498236045054,0.0,0.0,0.0,0.138671875,0.0958471760797341,0.1566975969545562,0.8792181094694831,0.8681305429789847,0.7115835476748686,0.779307600217904,0.0,0.8318357243427852,0.7367476512752245,0.0,2026-03-27 05:12:00,2026-03-29 01:31:27,13372
13372,2026-03-27 06:12:00,13372,2026.03.27_06:12:00_TAI,MISSING,0.0,0.0570226456755372,0.0,0.0101793483720799,0.0342034547112084,0.1084306577816991,0.7632434704882525,0.0564684508374423,0.0,0.0669215460283353,0.0,0.0,0.0,0.1150414737654321,0.0553005134400482,0.1311206281227694,0.8960845365038529,0.8759030465144325,0.6867047549677918,0.9125754753602102,0.0,0.8878903467223493,0.8394165098489772,0.0,2026-03-27 06:12:00,2026-03-29 01:31:27,13372
13372,2026-03-27 07:12:00,13372,2026.03.27_07:12:00_TAI,MISSING,0.0,0.0527856459981589,0.0,0.0091482173455548,0.0338311233357819,0.0802781583041166,0.7072192630924601,0.05955876322052,0.0,0.0481244448226275,0.0,0.0,0.0,0.1108217592592592,0.0844759891271518,0.1203901974779918,0.7886587403676231,0.8014448744230919,0.5160813056244736,0.8000554546136607,0.0,0.6941019972628565,0.7659588922268585,0.0,2026-03-27 07:12:00,2026-03-29 01:31:27,13372
13372,2026-03-27 08:12:00,13372,2026.03.27_08:12:00_TAI,MISSING,0.0,0.0559955839304794,0.0,0.0088981303887405,0.0367321499762982,0.0611460679374956,0.6986263639944195,0.0599321657067319,0.0,0.0460662537023741,0.0,0.0,0.0,0.1292438271604938,0.1036695862277257,0.1132048536759457,0.7615137708426001,0.7998662559335228,0.4362552067921608,0.7425901219022889,0.0,0.6692629457563826,0.7111725744006261,0.0,2026-03-27 08:12:00,2026-03-29 01:31:27,13372
13372,2026-03-27 09:12:00,13372,2026.03.27_09:12:00_TAI,MISSING,0.0,0.0753203278310054,0.0,0.0102645506063765,0.0492752852390293,0.0499198959808679,0.5307568260425675,0.0666693310714487,0.0,0.0454269451569027,0.0,0.0,0.0,0.1458333333333333,0.1131833282996073,0.1455151082560076,0.7729343736099924,0.8135585788048545,0.4484783647827373,0.422525011661779,0.0,0.4830049492519985,0.4136527206615199,0.0,2026-03-27 09:12:00,2026-03-29 01:31:27,13372
13372,2026-03-27 10:12:00,13372,2026.03.27_10:12:00_TAI,MISSING,0.0,0.0668907259580235,0.0,0.0107760803776931,0.0389531470039992,0.0854326777960946,0.2620328774010092,0.0664255856935896,0.0,0.0601793232352682,0.0,0.0,0.0,0.122950424382716,0.0937179099969797,0.135569831073043,0.914008872005097,0.9342023043444896,0.5490633464593814,0.303676640885708,0.0,0.4106409031660066,0.3370352560981871,0.0,2026-03-27 10:12:00,2026-03-29 01:31:27,13372
13372,2026-03-27 11:12:00,13372,2026.03.27_11:12:00_TAI,MISSING,0.0,0.0659006621144448,0.0,0.0106830647471792,0.0387528237521793,0.0937217023845457,0.6903619958433174,0.0643677074685081,0.0,0.0630178114027901,0.0,0.0,0.0,0.109302662037037,0.0733313198429477,0.1316440637639781,0.989096329778921,0.98674618226466,0.6502401383925523,0.2711691463577735,0.0,0.1700108025015315,0.3171425707361374,0.0,2026-03-27 11:12:00,2026-03-29 01:31:27,13372
13372,2026-03-27 12:12:00,13372,2026.03.27_12:12:00_TAI,MISSING,0.0,0.0520945251985306,0.0,0.0100930638346312,0.0312458695889888,0.0463790661496668,0.5779949284092423,0.0641386004303808,0.0,0.0546527346354747,0.0,0.0,0.0,0.1180314429012345,0.0727272727272727,0.1174875089221983,0.8058737963285769,0.8309453074469138,0.4835545034484329,0.4204190411571094,0.0,0.3171390411944643,0.4238838578390848,0.0,2026-03-27 12:12:00,2026-03-29 01:31:27,13372
13372,2026-03-27 13:12:00,13372,2026.03.27_13:12:00_TAI,MISSING,0.0,0.052033848640105,0.0,0.0092075733480384,0.030600291843201,0.0094731709582298,0.6811722751162965,0.0626012116369399,0.0,0.0511312355036907,0.0,0.0,0.0,0.1040943287037037,0.0617034128662035,0.1061622650487746,0.8313838164047942,0.8506780385665267,0.5055197687387613,0.5886813871482302,0.0,0.6401324380051271,0.5671768699956276,0.0,2026-03-27 13:12:00,2026-03-29 01:31:27,13372
13372,2026-03-27 14:12:00,13372,2026.03.27_14:12:00_TAI,MISSING,0.0,0.0481535087329846,0.0,0.0089704074257784,0.0298100521432596,0.0776544614455873,0.6010141289970616,0.0551625747627669,0.0,0.0547522701076836,0.0,0.0,0.0,0.1234567901234568,0.0750226517668378,0.1147513680704258,0.8523376170611783,0.8655433626766357,0.5102542507909773,0.3096631295321914,0.0,0.3125165230808205,0.3257751411359207,0.0,2026-03-27 14:12:00,2026-03-29 01:31:27,13372
13372,2026-03-27 15:12:00,13372,2026.03.27_15:12:00_TAI,MISSING,0.0,0.0535981199146384,0.0,0.0096885530315348,0.037237982336456,0.0017413917202628,0.5732082299012391,0.0612236076975789,0.0,0.0471961700999683,0.0,0.0,0.0,0.1541280864197531,0.1093023255813953,0.1137044967880085,0.7478090475217292,0.7890242164461352,0.3968315389342863,0.5534207341538441,0.0,0.5082355542002162,0.536978031656225,0.0,2026-03-27 15:12:00,2026-03-29 01:31:27,13372
13372,2026-03-27 16:12:00,13372,2026.03.27_16:12:00_TAI,MISSING,0.0,0.0466439943526402,0.0,0.0080138262729106,0.0332297229319845,0.0253430541688918,0.6862893036266335,0.0545358722614446,0.0,0.0393993854475894,0.0,0.0,0.0,0.1345003858024691,0.1006191482935668,0.101713062098501,0.6392291694216367,0.7082296451397189,0.2972480823071495,0.6356044715990826,0.0,0.6561696380717433,0.6217272974307865,0.0,2026-03-27 16:12:00,2026-03-29 01:31:27,13372
13372,2026-03-27 17:12:00,13372,2026.03.27_17:12:00_TAI,MISSING,0.0,0.0380841598664523,0.0,0.0069632096269434,0.0311506604189641,0.0437089321785971,0.6959166788754048,0.0532602260604478,0.0,0.0275283946022499,0.0,0.0,0.0,0.1322820216049383,0.1029598308668076,0.1049250535331906,0.5291465804310976,0.6069020708405047,0.1966631006305056,0.6857008647657694,0.0,0.6650649824439743,0.6862345786103623,0.0,2026-03-27 17:12:00,2026-03-29 01:31:27,13372
13372,2026-03-27 18:12:00,13372,2026.03.27_18:12:00_TAI,MISSING,0.0,0.0258674527980772,0.0,0.0059463275376859,0.0229747299502963,0.0355011725370916,0.6383186722690182,0.0498297481656344,0.0,0.0222248168748149,0.0,0.0,0.0,0.1173804012345678,0.0659317426759287,0.0885082084225553,0.5081807580875899,0.5716462579067959,0.2215191314046389,0.6647031384049296,0.0,0.5765328176668258,0.6645337690593242,0.0,2026-03-27 18:12:00,2026-03-29 01:31:27,13372
13372,2026-03-27 19:12:00,13372,2026.03.27_19:12:00_TAI,MISSING,0.0,0.0240782342825514,0.0,0.0063057812280196,0.0192088537853073,0.0531008381898813,0.6926924100078367,0.0437542811469939,0.0,0.0368881030736971,0.0,0.0,0.0,0.1121961805555555,0.0755511929930534,0.1057577920532952,0.6466585720640035,0.6794637082186825,0.3516946259076322,0.7368652485508405,0.0,0.6966099618420962,0.7245188588392955,0.0,2026-03-27 19:12:00,2026-03-29 01:31:27,13372
13372,2026-03-27 20:12:00,13372,2026.03.27_20:12:00_TAI,MISSING,0.0,0.0278875382188322,0.0,0.0071504106079162,0.0242811734578653,0.0429195012654113,0.5591551667906551,0.043617418344277,0.0,0.0387059308906016,0.0,0.0,0.0,0.165895061728395,0.0973421926910299,0.1137044967880085,0.5540314727768895,0.587300891261689,0.3248355450344844,0.695933219597008,0.0,0.5122379373431171,0.6985089558685813,0.0,2026-03-27 20:12:00,2026-03-29 01:31:27,13372
13372,2026-03-27 21:12:00,13372,2026.03.27_21:12:00_TAI,MISSING,0.0,0.0290004350953213,0.0,0.0075019509971263,0.028538204052164,0.0471917156191228,0.6285307015787578,0.0487770472830174,0.0,0.0322683396638108,0.0,0.0,0.0,0.2099006558641974,0.1380549682875264,0.1381632167499404,0.4361708522174001,0.5165261623126761,0.2070425420526711,0.696751338250309,0.0,0.5599209707815258,0.7080285493758864,0.0,2026-03-27 21:12:00,2026-03-29 01:31:27,13372
13372,2026-03-27 22:12:00,13372,2026.03.27_22:12:00_TAI,MISSING,0.0,0.0220744279384473,0.0,0.0054739521642487,0.0171829045672875,0.075855023334649,0.7322400668459461,0.0430391471871215,0.0,0.0291354225167522,0.0,0.0,0.0,0.1355613425925926,0.0706433101781938,0.098429693076374,0.4451630741858313,0.5415757682061852,0.1547356201488631,0.8112579389803527,0.0,0.7944290629727024,0.8113552898752128,0.0,2026-03-27 22:12:00,2026-03-29 01:31:27,13372
13372,2026-03-27 23:12:00,13372,2026.03.27_23:12:00_TAI,MISSING,0.0,0.0157966240154857,0.0,0.0045716360263453,0.0114174922823331,0.0600780143490677,0.6064964843054121,0.0400696862134572,0.0,0.0257312129648109,0.0,0.0,0.0,0.1167775848765432,0.0461491996375717,0.086200333095408,0.4677037375425267,0.5603109001414179,0.1390071244850113,0.7686087742246955,0.0,0.5667378345756581,0.7573265431126204,0.0,2026-03-27 23:12:00,2026-03-29 01:31:27,13372
13372,2026-03-28 00:12:00,13372,2026.03.28_00:12:00_TAI,MISSING,0.0,0.0158780193987396,0.0,0.0052340555078819,0.0126125414198468,0.0793726346095799,0.7066631173887936,0.0392912442711324,0.0,0.0308251958197736,0.0,0.0,0.0,0.1331983024691358,0.0716550890969495,0.1018796098025219,0.4626065422021326,0.5488001403216436,0.1584458152186284,0.8332734206036724,0.0,0.7386303890091807,0.8332684229067716,0.0,2026-03-28 00:12:00,2026-03-29 01:31:27,13372
13372,2026-03-28 01:12:00,13372,2026.03.28_01:12:00_TAI,MISSING,0.0,0.0003921777556776,0.0,0.0025033380518698,0.0,0.0563398267895702,0.63068755822772,0.0213584156859092,0.0,0.0297943328824165,0.0,0.0,0.0,0.1080970293209876,0.0485653881002718,0.0876754699024505,0.4710337448757559,0.5513982832523928,0.1829376550656682,0.8145245419285809,0.0,0.6509248498999856,0.7871909083506085,0.0,2026-03-28 01:12:00,2026-03-29 01:31:27,13372
13372,2026-03-28 02:12:00,13372,2026.03.28_02:12:00_TAI,MISSING,0.0,0.0042148009364908,0.0,0.0036075703309103,0.0041926127804296,0.0665792101047157,0.6346753885174907,0.0301412152690637,0.0,0.026583088789915,0.0,0.0,0.0,0.1216483410493826,0.0505134400483237,0.1016416845110634,0.4118870442277869,0.4985145638518292,0.1237338674800264,0.8170219567649735,0.0,0.6234730141277768,0.8070434303862231,0.0,2026-03-28 02:12:00,2026-03-29 01:31:27,13372
13372,2026-03-28 03:12:00,13372,2026.03.28_03:12:00_TAI,MISSING,0.0,0.0069570853941163,0.0,0.0034788886488303,0.0045823495261773,0.098516334254336,0.7074963101369991,0.0294704842730443,0.0,0.0273376785320126,0.0,0.0,0.0,0.1222270447530863,0.043189368770764,0.1062812276945038,0.4456679850450212,0.5323452350935662,0.1307673047595202,0.9487018727349236,0.0,0.787373053977217,0.9248876090716454,0.0,2026-03-28 03:12:00,2026-03-29 01:31:27,13372
13372,2026-03-28 04:12:00,13372,2026.03.28_04:12:00_TAI,MISSING,0.0,0.0119562418419626,0.0,0.0050508340723451,0.0076755888748174,0.056722932968028,0.6671833288005882,0.0343317407273606,0.0,0.0424451387630525,0.0,0.0,0.0,0.122950424382716,0.0585774690425853,0.0894123245300975,0.5055359869204044,0.5848342998717374,0.1846220381034757,0.7818630792968355,0.0,0.6858322296364009,0.7487991939895307,0.0,2026-03-28 04:12:00,2026-03-29 01:31:27,13372
13372,2026-03-28 05:12:00,13372,2026.03.28_05:12:00_TAI,MISSING,0.0,0.0190642786741136,0.0,0.0062430451095378,0.0121559824070105,0.0415147786110659,0.5705966421375877,0.0439115468449339,0.0,0.041090524451198,0.0,0.0,0.0,0.1332465277777777,0.0556629417094533,0.0999762074708541,0.5319115684695189,0.5970795557942975,0.2326724785468783,0.7045195510133515,0.0,0.5284261736445208,0.6781452642237924,0.0,2026-03-28 05:12:00,2026-03-29 01:31:27,13372
13372,2026-03-28 06:12:00,13372,2026.03.28_06:12:00_TAI,MISSING,0.0,0.0291602660297107,0.0,0.0072831301132944,0.0190757116741909,0.0542733752815249,0.597749065283208,0.0532569579659961,0.0,0.0406570350177519,0.0,0.0,0.0,0.1060956790123456,0.0654787073391724,0.0892933618843683,0.6219900700864358,0.6565079643495326,0.3265199280722919,0.733322024941528,0.0,0.5458712364494068,0.7003293614053226,0.0,2026-03-28 06:12:00,2026-03-29 01:31:27,13372
13372,2026-03-28 07:12:00,13372,2026.03.28_07:12:00_TAI,MISSING,0.0,0.0302139662638334,0.0,0.0075355773235211,0.0214818515998029,0.0509531217348905,0.6615182745001911,0.063063306575356,0.0,0.0279879930175103,0.0,0.0,0.0,0.093557098765432,0.0452884324977347,0.0697596954556269,0.5325968046355625,0.5782896107170656,0.2181276033960804,0.7009828514762344,0.0,0.5998328373038488,0.6849775660714382,0.0,2026-03-28 07:12:00,2026-03-29 01:31:27,13372
13372,2026-03-28 08:12:00,13372,2026.03.28_08:12:00_TAI,MISSING,0.0,0.0304418733369443,0.0,0.0079432309684629,0.0247939320787901,0.0714667161995867,0.7055969034255414,0.0700986742112442,0.0,0.0206687215586827,0.0,0.0,0.0,0.1127507716049382,0.0597553609181515,0.0687842017606472,0.4198213577293437,0.4877931132768394,0.1432180820795302,0.737387174326471,0.0,0.6476101113406055,0.7396700588265495,0.0,2026-03-28 08:12:00,2026-03-29 01:31:27,13372
13372,2026-03-28 09:12:00,13372,2026.03.28_09:12:00_TAI,MISSING,0.0,0.043004880763163,0.0,0.0102009403199643,0.0327801260672766,0.0558522371078966,0.69240477007863,0.0859159109311722,0.0,0.0252809334476751,0.0,0.0,0.0,0.1290027006172839,0.0755662941709453,0.0785867237687366,0.4590721661878028,0.5407754963330009,0.1301527325700499,0.6851730673251629,0.0,0.6055163897843099,0.6751862339147539,0.0,2026-03-28 09:12:00,2026-03-29 01:31:27,13372
13372,2026-03-28 10:12:00,13372,2026.03.28_10:12:00_TAI,MISSING,0.0,0.0477524514809519,0.0,0.0108807432552053,0.032594193647413,0.0114931853537347,0.6443241376549844,0.0912494864666165,0.0,0.0309456988127627,0.0,0.0,0.0,0.1234567901234568,0.0769405013591059,0.0838686652391149,0.462486325330897,0.5441629485085345,0.1720119272528622,0.5858486350009948,0.0,0.5474458402618814,0.5677210111510214,0.0,2026-03-28 10:12:00,2026-03-29 01:31:27,13372
13372,2026-03-28 11:12:00,13372,2026.03.28_11:12:00_TAI,MISSING,0.0,0.0520723264576432,0.0,0.0124040891044866,0.0327579476778777,0.0261557036383477,0.6362873474976074,0.1001123770589391,0.0,0.0385684771432654,0.0,0.0,0.0,0.115089699074074,0.0643763213530655,0.0691886747561265,0.5591527114915307,0.6324340323836044,0.1889695672956548,0.6186268785250377,0.0,0.5399669876182159,0.5938536169564919,0.0,2026-03-28 11:12:00,2026-03-29 01:31:27,13372
13372,2026-03-28 12:12:00,13372,2026.03.28_12:12:00_TAI,MISSING,0.0,0.0503408246684247,0.0,0.0115258542117173,0.0294235452600457,0.0107037544405488,0.6240623492117217,0.1013909055376816,0.0,0.0351861991360481,0.0,0.0,0.0,0.0797405478395061,0.0364995469646632,0.0601713062098501,0.5626269790702427,0.63214900404521,0.2006009150297043,0.5841354136424873,0.0,0.530866647880724,0.5629516437975434,0.0,2026-03-28 12:12:00,2026-03-29 01:31:27,13372
13372,2026-03-28 13:12:00,13372,2026.03.28_13:12:00_TAI,MISSING,0.0,0.0504547782049801,0.0,0.011502505602563,0.0287110375850848,0.0050035988762218,0.5108807253267562,0.0980350945230503,0.0,0.0367679214220227,0.0,0.0,0.0,0.0946903935185184,0.0484445786771368,0.0707827742088984,0.5504129449526947,0.6152007805391422,0.2165797919559329,0.5712347132833372,0.0,0.4641049091905911,0.5524697900973835,0.0,2026-03-28 13:12:00,2026-03-29 01:31:27,13372
13372,2026-03-28 14:12:00,13372,2026.03.28_14:12:00_TAI,MISSING,0.0,0.0476843753422305,0.0,0.0116308709191062,0.0305557197402343,0.0137453853119413,0.4472383755185944,0.1017837577249015,0.0,0.031129104368092,0.0,0.0,0.0,0.1077594521604938,0.0542132286318332,0.0728527242445872,0.4958344854116825,0.5672612065468817,0.1656158240957823,0.5283846071040622,0.0,0.4457518869923382,0.5151334971436463,0.0,2026-03-28 14:12:00,2026-03-29 01:31:27,13372
13372,2026-03-28 15:12:00,13372,2026.03.28_15:12:00_TAI,MISSING,0.0,0.0459099559872964,0.0,0.0103298259745613,0.0261403541070555,0.0119575564791381,0.5997299568288277,0.0944987439850607,0.0,0.0329698277536645,0.0,0.0,0.0,0.0841290509259259,0.034581697372395,0.0611467999048299,0.5023983265811524,0.5814797355814032,0.1419206519017595,0.5884608735080262,0.0,0.516251373609809,0.5666540828953356,0.0,2026-03-28 15:12:00,2026-03-29 01:31:27,13372
13372,2026-03-28 16:12:00,13372,2026.03.28_16:12:00_TAI,MISSING,0.0,0.0435317308802244,0.0,0.0096473131187355,0.0255997110062554,0.0034711741623906,0.4517552285795108,0.0893269845151784,0.0,0.03225460232261,0.0,0.0,0.0,0.0890239197530864,0.0540924192086982,0.0571734475374732,0.5066780471971435,0.5841875047961501,0.1299933990394464,0.5498024837142848,0.0,0.450660668679535,0.5348511456395242,0.0,2026-03-28 16:12:00,2026-03-29 01:31:27,13372
13372,2026-03-28 17:12:00,13372,2026.03.28_17:12:00_TAI,MISSING,0.0,0.032993248622938,0.0,0.00823134839296,0.020223030620927,0.0457869929647775,0.5985573512584415,0.0848045318665761,0.0,0.023745805652323,0.0,0.0,0.0,0.0815007716049382,0.0538205980066444,0.0388769926243159,0.4742916220862436,0.5506089740076082,0.1056608927230101,0.6750294398757817,0.0,0.5158185135499369,0.6416166635096597,0.0,2026-03-28 17:12:00,2026-03-29 01:31:27,13372
13372,2026-03-28 18:12:00,13372,2026.03.28_18:12:00_TAI,MISSING,0.0,0.0171152292241983,0.0,0.0055156083474912,0.0094164130058238,0.0501636908217046,0.5881968111391478,0.0613180193150736,0.0,0.0216803843524903,0.0,0.0,0.0,0.0617766203703704,0.0320144971307762,0.0305258148941232,0.3922556291549955,0.4670518203444459,0.0827623881820044,0.7127490156806074,0.0,0.5313794002893367,0.6752387892317144,0.0,2026-03-28 18:12:00,2026-03-29 01:31:27,13372
13372,2026-03-28 19:12:00,13372,2026.03.28_19:12:00_TAI,MISSING,0.0,0.0180520160896473,0.0,0.0063107057073616,0.0096096664474308,0.0391929229840488,0.5978238050758526,0.0647973257183101,0.0,0.0256552157438991,0.0,0.0,0.0,0.0676118827160493,0.0271972213832678,0.0429931001665476,0.4351490088118967,0.501792389743365,0.1148339516991783,0.6764288533616912,0.0,0.5372466781942629,0.6421515106721594,0.0,2026-03-28 19:12:00,2026-03-29 01:31:27,13372
13372,2026-03-28 20:12:00,13372,2026.03.28_20:12:00_TAI,MISSING,0.0,0.017315017892185,0.0,0.005742171861565,0.006776933455824,0.0225452181383361,0.5687812453460466,0.0593799712198893,0.0,0.0339096707636505,0.0,0.0,0.0,0.0549286265432098,0.0231501057082452,0.0218415417558886,0.5014967000468845,0.5741128492967474,0.1315412104795939,0.6363932319275044,0.0,0.5265868575375169,0.600139786078838,0.0,2026-03-28 20:12:00,2026-03-29 01:31:27,13372
13372,2026-03-28 21:12:00,13372,2026.03.28_21:12:00_TAI,MISSING,0.0,0.0103845709871336,0.0,0.005063750944195,0.003925969684582,0.0364879611785739,0.580934297949308,0.0588295242557742,0.0,0.0239835178898261,0.0,0.0,0.0,0.0595582561728395,0.0220930232558139,0.0245776826076612,0.3346477044588438,0.4310395860511518,0.0500307286094734,0.6786196368049008,0.0,0.5323976635376627,0.6409973959117055,0.0,2026-03-28 21:12:00,2026-03-29 01:31:27,13372
13372,2026-03-28 22:12:00,13372,2026.03.28_22:12:00_TAI,MISSING,0.0,0.0128811893789383,0.0,0.0052126259054704,0.0074789979085922,0.0473310269567438,0.631436062349878,0.0656718814106566,0.0,0.0156839144153681,0.0,0.0,0.0,0.0611738040123456,0.0093778314708546,0.0211991434689508,0.2676748854934301,0.3708218682511319,0.0072610566089272,0.698157275808414,0.0,0.5699276782317271,0.6679074884798747,0.0,2026-03-28 22:12:00,2026-03-29 01:31:27,13372
13372,2026-03-28 23:12:00,13372,2026.03.28_23:12:00_TAI,MISSING,0.0,0.0150892241392067,0.0,0.0050757603464788,0.007248062737424,0.0574078803779981,0.6666965120654624,0.0666012457703708,0.0,0.016776876561779,0.0,0.0,0.0,0.0474778163580247,0.0056478405315614,0.0201760647156792,0.3379416467307022,0.4359618062026553,0.0248105069082466,0.7319487077443998,0.0,0.6227454927409554,0.6886892991621245,0.0,2026-03-28 23:12:00,2026-03-29 01:31:27,13372
13372,2026-03-29 00:12:00,13372,2026.03.29_00:12:00_TAI,MISSING,0.0,0.0088824561870849,0.0,0.0044283016246677,0.0039058727621493,0.0705147553925097,0.6231712526736444,0.0661791169036875,0.0,0.0113278758224048,0.0,0.0,0.0,0.042799961419753,0.0064028994261551,0.013633119200571,0.2955050911844968,0.3940955283438758,0.0113126806728427,0.7701478028555864,0.0,0.5633338077415254,0.7237683689130987,0.0,2026-03-29 00:12:00,2026-03-29 01:31:27,13372
13376,2026-03-26 13:12:00,13376,2026.03.26_13:12:00_TAI,14399,0.8871951219512195,0.8406381990013525,0.0,0.9764852989389156,0.4865792572557875,0.8964220204787667,0.9907396856080468,0.9201593177889144,0.0,0.8390979769346988,0.0,0.0,0.0,0.6896460262345679,0.7671851404409545,0.7700927908636688,0.260786458771624,0.3854350519080455,0.5542530671704642,0.8794331886076651,0.0,0.4294977443206589,0.6775569766021518,0.0,2026-03-26 13:12:00,2026-03-29 01:31:27,13376
13376,2026-03-26 14:12:00,13376,2026.03.26_14:12:00_TAI,14399,0.839430894308943,0.8097197926933584,0.0,0.9744884496232964,0.4916461938241224,0.7279017390698648,0.9144622905188324,0.9223670971518694,0.0,0.808220290011179,0.0,0.0,0.0,0.6944203317901235,0.7759589247961342,0.7811325243873423,0.2379572749239628,0.3717536916651138,0.526574556711356,0.8108143020710666,0.0,0.4002702481059009,0.6531769523138503,0.0,2026-03-26 14:12:00,2026-03-29 01:31:27,13376
13376,2026-03-26 15:12:00,13376,2026.03.26_15:12:00_TAI,14399,0.8897357723577235,0.7864185143418665,0.0,0.957000095767178,0.4770407554461853,0.8197079105621212,0.9436515998757616,0.9086418947830636,0.0,0.798020916684584,0.0,0.0,0.0,0.7111062885802469,0.7953790395650862,0.7957887223411848,0.2141543344192923,0.3504094541707321,0.5139189219948558,0.8443649957430428,0.0,0.4286236264475184,0.6694498487292015,0.0,2026-03-26 15:12:00,2026-03-29 01:31:27,13376
13376,2026-03-26 16:12:00,13376,2026.03.26_16:12:00_TAI,14399,0.8828760162601625,0.7764142817819373,0.0,0.941439490333122,0.4606876025638362,0.870811952912768,0.9709294841177484,0.8957888651210668,0.0,0.7746232522125394,0.0,0.0,0.0,0.7227527006172838,0.8149652672908488,0.814108969783488,0.2111609343255232,0.3422861465264913,0.5138278742630824,0.8587910241814736,0.0,0.4194374361571781,0.6809511649356237,0.0,2026-03-26 16:12:00,2026-03-29 01:31:27,13376
13376,2026-03-26 17:12:00,13376,2026.03.26_17:12:00_TAI,14399,0.8681402439024389,0.8153789917035905,0.0,0.9458906701813432,0.4925290229167001,0.8149248879704662,0.9412851419438142,0.9002474310621575,0.0,0.7778591592509391,0.0,0.0,0.0,0.7420428240740741,0.8249018423437029,0.8283369022127052,0.2458435016770254,0.3506944825091265,0.5729633760498941,0.8393518986681107,0.0,0.413556172273787,0.6695612660011578,0.0,2026-03-26 17:12:00,2026-03-29 01:31:27,13376
13376,2026-03-26 18:12:00,13376,2026.03.26_18:12:00_TAI,14399,0.7482215447154471,0.8759045986911622,0.0,0.966165954654112,0.5620202330790822,0.7030694931389168,0.9471808546721155,0.9283832278306204,0.0,0.7570000911645309,0.0,0.0,0.0,0.7268518518518519,0.7993204469948657,0.8260290268855579,0.2760419797314355,0.3624793080388955,0.6193977192543191,0.7899764154790136,0.0,0.4284788104853246,0.6495431117350381,0.0,2026-03-26 18:12:00,2026-03-29 01:31:27,13376
13376,2026-03-26 19:12:00,13376,2026.03.26_19:12:00_TAI,14399,0.711890243902439,0.8968661297531204,0.0,0.970284950688728,0.5988675814857534,0.7620562353432865,0.95134781692432,0.9330059928228108,0.0,0.728820787595351,0.0,0.0,0.0,0.7346643518518519,0.791769858048928,0.8222222222222222,0.2438479016145125,0.3471754787927955,0.5683882275282817,0.7997827483958937,0.0,0.4302136576151307,0.659898500746175,0.0,2026-03-26 19:12:00,2026-03-29 01:31:27,13376
13376,2026-03-26 20:12:00,13376,2026.03.26_20:12:00_TAI,14399,0.6476117886178862,0.7409984105701524,0.0,0.9281450611913804,0.4434003016619832,0.8010982377115792,0.9567760725353808,0.841841703762943,0.0,0.8319304589117087,0.0,0.0,0.0,0.7420669367283951,0.8316671700392632,0.8426600047585058,0.2040080304869985,0.3173790548021794,0.5497234425147384,0.8577354293002606,0.0,0.4675122812518683,0.6715777305308553,0.0,2026-03-26 20:12:00,2026-03-29 01:31:27,13376
13376,2026-03-26 21:12:00,13376,2026.03.26_21:12:00_TAI,14399,0.7721036585365854,0.6842391899531457,0.0,0.9272067876126008,0.4078230069783334,0.7830342009333862,0.9417266962346592,0.81083713283356,0.0,0.8460686734024732,0.0,0.0,0.0,0.7702064043209877,0.8624282694050137,0.8737330478229836,0.1836793575610401,0.289040660388735,0.5611726947852411,0.8558865072400891,0.0,0.4642442525461658,0.6746102276408661,0.0,2026-03-26 21:12:00,2026-03-29 01:31:27,13376
13376,2026-03-26 22:12:00,13376,2026.03.26_22:12:00_TAI,14399,0.6892784552845528,0.7186457584125827,0.0,0.9268592017926002,0.4385781168989889,0.7847639833755138,0.9192652096103632,0.8215638585428919,0.0,0.823004400544365,0.0,0.0,0.0,0.7761622299382717,0.8579130172153429,0.873495122531525,0.200690044840893,0.291024896129096,0.6020986502173765,0.8491451834405999,0.0,0.4722650628188373,0.6754792159764624,0.0,2026-03-26 22:12:00,2026-03-29 01:31:27,13376
13376,2026-03-26 23:12:00,13376,2026.03.26_23:12:00_TAI,14399,0.7245934959349594,0.7455106746345346,0.0,0.9429975906016989,0.4666061462202552,0.7183473031646893,0.8551916593459623,0.8499982093565817,0.0,0.801088119532799,0.0,0.0,0.0,0.7618393132716049,0.8474327997583813,0.8694266000475849,0.2167991055864779,0.2938094037426415,0.6270002048573966,0.8136816318009374,0.0,0.4483041796851916,0.6603353184121967,0.0,2026-03-26 23:12:00,2026-03-29 01:31:27,13376
13376,2026-03-27 00:12:00,13376,2026.03.27_00:12:00_TAI,14399,0.6445630081300813,0.758023364914742,0.0,0.950070441700654,0.4789984110152955,0.7236295247161533,0.8748485570574038,0.8543812006134759,0.0,0.8059154694319414,0.0,0.0,0.0,0.7515432098765432,0.8417396556931441,0.8677373304782297,0.2257191974321676,0.292099233712275,0.6418182232035144,0.815088221766262,0.0,0.4270538208007064,0.6601587325472091,0.0,2026-03-27 00:12:00,2026-03-29 01:31:27,13376
13376,2026-03-27 01:12:00,13376,2026.03.27_01:12:00_TAI,14399,0.7896341463414633,0.754845985135723,0.0,0.963085553375066,0.4776673487777464,0.6492604889827951,0.8223884085245476,0.8541485758347928,0.0,0.8060415958979366,0.0,0.0,0.0,0.7645881558641976,0.8459981878586531,0.8763740185581725,0.2049337003955135,0.2799087909317139,0.6179637174788883,0.7857116294848918,0.0,0.3622902040121845,0.6478395449661081,0.0,2026-03-27 01:12:00,2026-03-29 01:31:27,13376
13376,2026-03-27 02:12:00,13376,2026.03.27_02:12:00_TAI,14399,0.7571138211382114,0.7475943964458335,0.0,0.9484157666892746,0.4747389400804157,0.8669228447375144,0.9256320692427916,0.8410005098681246,0.0,0.8064392557748006,0.0,0.0,0.0,0.7581018518518519,0.8461945031712474,0.8758743754461098,0.2048735919598957,0.2785165371249412,0.6211503880909568,0.8664692047482196,0.0,0.4272518135418641,0.6853072815336329,0.0,2026-03-27 02:12:00,2026-03-29 01:31:27,13376
13376,2026-03-27 03:12:00,13376,2026.03.27_03:12:00_TAI,14399,0.721798780487805,0.706652518669141,0.0,0.9373596237201588,0.4401668503920138,0.7295154287306416,0.9014685643050212,0.820393245266358,0.0,0.8125873184771031,0.0,0.0,0.0,0.7719184027777778,0.8646934460887952,0.888555793480847,0.1901830902948919,0.2713250528946822,0.6236314387817813,0.8226254823735879,0.0,0.3728551327533159,0.6656973990982173,0.0,2026-03-27 03:12:00,2026-03-29 01:31:27,13376
13376,2026-03-27 04:12:00,13376,2026.03.27_04:12:00_TAI,14399,0.7162093495934958,0.6661916136116759,0.0,0.9124479190519827,0.4070837273317033,0.927116951867933,0.9486606347231854,0.7836342181653672,0.0,0.8473532353077368,0.0,0.0,0.0,0.7856143904320989,0.884717607973422,0.8896026647632642,0.1796280490003966,0.2629496047972462,0.6141169508114629,0.9166654162194958,0.0,0.4372707071766634,0.7050960733322595,0.0,2026-03-27 04:12:00,2026-03-29 01:31:27,13376
13376,2026-03-27 05:12:00,13376,2026.03.27_05:12:00_TAI,14399,0.8366361788617886,0.6399660211272815,0.0,0.903449817153624,0.3828558107182845,0.821159070329007,0.9297766652788764,0.7552153000199218,0.0,0.8800328436530863,0.0,0.0,0.0,0.7944155092592593,0.8901238296587135,0.9019509873899596,0.1639878340526309,0.2645720738004145,0.5792911934081442,0.8903564426843947,0.0,0.4336536841805507,0.6871491517682486,0.0,2026-03-27 05:12:00,2026-03-29 01:31:27,13376
13376,2026-03-27 06:12:00,13376,2026.03.27_06:12:00_TAI,14399,0.6966463414634145,0.6849658287381939,0.0,0.9165323646398206,0.4011859983449467,0.7897559729736006,0.9267330484739698,0.7708660681787141,0.0,0.8808691344244305,0.0,0.0,0.0,0.7935474537037036,0.8887194201147692,0.8911729716868901,0.1670172992077708,0.2908385314462997,0.5456262945849362,0.8734473523684012,0.0,0.4907169888929094,0.6774587258201287,0.0,2026-03-27 06:12:00,2026-03-29 01:31:27,13376
13376,2026-03-27 07:12:00,13376,2026.03.27_07:12:00_TAI,14399,0.7309451219512194,0.8104508712265841,0.0,0.9511273523557212,0.532592596659827,0.8275093454688989,0.9295525010877106,0.853174842553876,0.0,0.7824631769364082,0.0,0.0,0.0,0.726683063271605,0.804152823920266,0.8320961218177492,0.218145534544318,0.3188041964941516,0.5781758586939203,0.8436264707705254,0.0,0.4239066557683688,0.6792908594907602,0.0,2026-03-27 07:12:00,2026-03-29 01:31:27,13376
13376,2026-03-27 08:12:00,13376,2026.03.27_08:12:00_TAI,14399,0.5907012195121951,0.7663789709847657,0.0,0.9410261337831096,0.4583804040938436,0.6344354408042908,0.8221871059356465,0.8135139064454403,0.0,0.8885901628618836,0.0,0.0,0.0,0.7381365740740742,0.8303080640289944,0.8408517725434212,0.2655831119339288,0.3391398721757529,0.67049825871213,0.8070786183319905,0.0,0.3592715411787884,0.647474866387788,0.0,2026-03-27 08:12:00,2026-03-29 01:31:27,13376
13376,2026-03-27 09:12:00,13376,2026.03.27_09:12:00_TAI,14399,0.65625,0.6424049227927792,0.0,0.8885648186487425,0.3627337671325815,0.7379437646567137,0.8500418634747509,0.7537707568820509,0.0,0.9102333037560074,0.0,0.0,0.0,0.7887972608024691,0.8987466022349744,0.8980014275517486,0.1851219600158686,0.283625121959241,0.5834111032708899,0.8713622588947568,0.0,0.3851894862486094,0.668477962615135,0.0,2026-03-27 09:12:00,2026-03-29 01:31:27,13376
13376,2026-03-27 10:12:00,13376,2026.03.27_10:12:00_TAI,14399,0.6905487804878048,0.6214863092965367,0.0,0.8674370123084758,0.3449609102298108,0.9598667254870096,0.9152919869081972,0.7292872826144139,0.0,0.908521357902276,0.0,0.0,0.0,0.7958622685185186,0.9142857142857144,0.8940518677135378,0.160874217087626,0.2813448952520858,0.5518175403455261,0.9743910594114632,0.0,0.4387858946678385,0.7139119788061558,0.0,2026-03-27 10:12:00,2026-03-29 01:31:27,13376
13376,2026-03-27 11:12:00,13376,2026.03.27_11:12:00_TAI,14399,0.5790142276422764,0.6345480484346927,0.0,0.8693755837620591,0.3540353884553875,0.8664236457777057,0.8562847706287031,0.7308580105102824,0.0,0.8942393431732113,0.0,0.0,0.0,0.7843364197530864,0.9029900332225916,0.8899833452295979,0.1786062055948932,0.2993236058277334,0.5449434365966357,0.9276376008376908,0.0,0.3880504724942571,0.6968975545291841,0.0,2026-03-27 11:12:00,2026-03-29 01:31:27,13376
13376,2026-03-27 12:12:00,13376,2026.03.27_12:12:00_TAI,14399,0.6615853658536586,0.6274488910988969,0.0,0.880780977632948,0.3446285932624422,0.8688383756298035,0.9076510444195782,0.7286608978444966,0.0,0.9402176618248348,0.0,0.0,0.0,0.7923177083333335,0.8958471760797342,0.8842731382345943,0.2080954041090127,0.326894616253193,0.5663396535633807,0.941367510772874,0.0,0.4062122926082978,0.6951711953491091,0.0,2026-03-27 12:12:00,2026-03-29 01:31:27,13376
13376,2026-03-27 13:12:00,13376,2026.03.27_13:12:00_TAI,14399,0.7108739837398373,0.626991597036616,0.0,0.8583394217742125,0.3384211563460537,0.8988019224964592,0.8997466027686416,0.722072056308178,0.0,0.9254255177587832,0.0,0.0,0.0,0.7844810956790123,0.8969344608879495,0.8843921008803235,0.2070254739550149,0.3428013900612812,0.5732820431111011,0.9588376712976704,0.0,0.4281144851884846,0.700643254951043,0.0,2026-03-27 13:12:00,2026-03-29 01:31:27,13376
13376,2026-03-27 14:12:00,13376,2026.03.27_14:12:00_TAI,14399,0.7047764227642276,0.6255693977037622,0.0,0.8488388814510147,0.3358796134055516,0.8991502008405119,0.8824637480274631,0.7207738965676249,0.0,0.9088563562227856,0.0,0.0,0.0,0.7804060570987654,0.8857142857142859,0.8848679514632405,0.1960496736111945,0.3385369276137648,0.5719163271345002,0.9568184709531996,0.0,0.4270654712864875,0.7026827331774305,0.0,2026-03-27 14:12:00,2026-03-29 01:31:27,13376
13376,2026-03-27 15:12:00,13376,2026.03.27_15:12:00_TAI,14399,0.7599085365853658,0.6399112642330926,0.0,0.8344084502700142,0.3422603862779219,0.9380064547586432,0.8992599455720547,0.7034324569075647,0.0,0.8914509039154441,0.0,0.0,0.0,0.7887731481481481,0.9119450317124738,0.906566738044254,0.201639758123655,0.3265986252863988,0.5768101427173197,0.9734842133763052,0.0,0.4505286478257744,0.7142628270379072,0.0,2026-03-27 15:12:00,2026-03-29 01:31:27,13376
13376,2026-03-27 16:12:00,13376,2026.03.27_16:12:00_TAI,14399,0.5736788617886178,0.6567171910009264,0.0,0.832387457268694,0.3607402242019844,0.799449720216397,0.8436170718705864,0.7219501836192486,0.0,0.8735200585586703,0.0,0.0,0.0,0.787326388888889,0.8993506493506496,0.8931715441351415,0.2321027132947838,0.3412227715717121,0.6165524776364009,0.9065133074762604,0.0,0.4360664793598964,0.6851081245430455,0.0,2026-03-27 16:12:00,2026-03-29 01:31:27,13376
13376,2026-03-27 17:12:00,13376,2026.03.27_17:12:00_TAI,14399,0.5642784552845528,0.689880629970668,0.0,0.8561115423626648,0.38905786453045,0.7069353827579001,0.8371349455644683,0.7377479025528675,0.0,0.8802256484418688,0.0,0.0,0.0,0.7758969907407407,0.8796436122017517,0.8901974779919104,0.2520587139199115,0.3430864183996756,0.6592538638381172,0.8600090684603515,0.0,0.4001780423922676,0.6655813348298139,0.0,2026-03-27 17:12:00,2026-03-29 01:31:27,13376
13376,2026-03-27 18:12:00,13376,2026.03.27_18:12:00_TAI,14399,0.7296747967479674,0.8206548924545,0.0,0.8847967385976717,0.5138159702562678,0.7893264296826025,0.8823886803011849,0.8025024707021006,0.0,0.7717022596624842,0.0,0.0,0.0,0.710913387345679,0.7941558441558443,0.8286462050916011,0.2826539076493995,0.3661517885528235,0.6450504176814695,0.8470274696059785,0.0,0.4638275096981815,0.6794685517834731,0.0,2026-03-27 18:12:00,2026-03-29 01:31:27,13376
13376,2026-03-27 19:12:00,13376,2026.03.27_19:12:00_TAI,14399,0.7502540650406504,0.7131005129389061,0.0,0.859240647283555,0.4113062342842515,0.6589194083911863,0.8859106226555964,0.7331414780329357,0.0,0.8465322082488378,0.0,0.0,0.0,0.759789737654321,0.8552401087284809,0.8803473709255294,0.2057030883714221,0.3197908330501321,0.5794277650058043,0.8286113186128516,0.0,0.4695465069413713,0.6612356186524243,0.0,2026-03-27 19:12:00,2026-03-29 01:31:27,13376
13376,2026-03-27 20:12:00,13376,2026.03.27_20:12:00_TAI,14399,0.76880081300813,0.616814214297765,0.0,0.8201187184987861,0.3372799382507703,0.6836007337063781,0.8551913740320516,0.6735771658603777,0.0,0.8996298437262558,0.0,0.0,0.0,0.7868923611111112,0.8895348837209303,0.9171068284558648,0.1919021915535625,0.2975805479121675,0.6395875537750666,0.8689476997752457,0.0,0.4680754433045488,0.6730332362037316,0.0,2026-03-27 20:12:00,2026-03-29 01:31:27,13376
13376,2026-03-27 21:12:00,13376,2026.03.27_21:12:00_TAI,14399,0.6321138211382114,0.658385056399601,0.0,0.8102177260093123,0.3750348780294451,0.6149318535373471,0.7637064698855394,0.6841401464206173,0.0,0.8364356641429268,0.0,0.0,0.0,0.7707609953703702,0.8744790093627304,0.9042826552462526,0.2069413221451498,0.2931077955250551,0.6852252293264744,0.8227898889929115,0.0,0.4445528697137043,0.6644679366096577,0.0,2026-03-27 21:12:00,2026-03-29 01:31:27,13376
13376,2026-03-27 22:12:00,13376,2026.03.27_22:12:00_TAI,14399,0.8285060975609756,0.6864723832864199,0.0,0.8270525352697411,0.414353430148104,0.51696115535536,0.6889740862580229,0.707359049696233,0.0,0.8151917898322402,0.0,0.0,0.0,0.7633101851851852,0.8686650558743583,0.8772543421365689,0.2150679826406838,0.291233186068692,0.680263127944825,0.7712490662421669,0.0,0.4199683175387033,0.6426886813328826,0.0,2026-03-27 22:12:00,2026-03-29 01:31:27,13376
13376,2026-03-27 23:12:00,13376,2026.03.27_23:12:00_TAI,14399,0.8716971544715447,0.7349514735524201,0.0,0.8405488555763933,0.4831896959633501,0.5971696579906662,0.8625363471831848,0.7419427514277829,0.0,0.730279034481176,0.0,0.0,0.0,0.7570167824074074,0.830247659317427,0.8655960028551033,0.2002933291658152,0.2779245551913527,0.6326224022944029,0.7770372230939107,0.0,0.4650989927671372,0.6564100447704916,0.0,2026-03-27 23:12:00,2026-03-29 01:31:27,13376
13376,2026-03-28 00:12:00,13376,2026.03.28_00:12:00_TAI,14399,0.7527947154471544,0.7504417549436595,0.0,0.8345016948492717,0.4811699552588676,0.6953028860665444,0.8788866322312914,0.7462863666855535,0.0,0.753940118495895,0.0,0.0,0.0,0.7370997299382717,0.8123829658713382,0.8411848679514631,0.2335813808109829,0.3116565627774916,0.6663783488493843,0.8222444765573775,0.0,0.5161083535875339,0.6746830305852031,0.0,2026-03-28 00:12:00,2026-03-29 01:31:27,13376
13376,2026-03-28 01:12:00,13376,2026.03.28_01:12:00_TAI,14399,0.7052845528455284,0.7284990395344775,0.0,0.818006145999981,0.4745042367362914,0.55357681859342,0.7517031845369866,0.737999818166856,0.0,0.7300572286387477,0.0,0.0,0.0,0.7273341049382717,0.7974025974025976,0.8417083035926718,0.2037916401187743,0.288525416853945,0.6285024924316572,0.766614365354567,0.0,0.4680716240417605,0.6483644342790784,0.0,2026-03-28 01:12:00,2026-03-29 01:31:27,13376
13376,2026-03-28 02:12:00,13376,2026.03.28_02:12:00_TAI,14399,0.7078252032520325,0.7168550599809979,0.0,0.8210823845745958,0.446112309569548,0.6459634539924308,0.783034923387147,0.7186903728791373,0.0,0.7947448419818545,0.0,0.0,0.0,0.7172309027777777,0.7982482633645426,0.8416369260052342,0.2450620920139931,0.3257983534132144,0.6721598798169941,0.8198579709483065,0.0,0.4865515529043491,0.6665756814267076,0.0,2026-03-28 02:12:00,2026-03-29 01:31:27,13376
13376,2026-03-28 03:12:00,13376,2026.03.28_03:12:00_TAI,14399,0.457571138211382,0.6662685692467523,0.0,0.8068655001309128,0.4055983494397606,0.443010053634865,0.7069494651579982,0.6918379840359941,0.0,0.8210474319382224,0.0,0.0,0.0,0.742163387345679,0.8265025672002417,0.8670949321912917,0.2321748434175252,0.2991482037733368,0.6860218969794915,0.7466265653695723,0.0,0.4580429182545303,0.6292710323059194,0.0,2026-03-28 03:12:00,2026-03-29 01:31:27,13376
13376,2026-03-28 04:12:00,13376,2026.03.28_04:12:00_TAI,14399,0.7827743902439024,0.628489272088487,0.0,0.7724515900577666,0.365999875901504,0.4978755021012794,0.7630431948427638,0.6664867626061184,0.0,0.8235546975456816,0.0,0.0,0.0,0.7387876157407409,0.8453488372093025,0.8662621936711872,0.2298065710541817,0.2979203893925609,0.7043680149318281,0.7797929911892405,0.0,0.4615535607150768,0.6428321850088781,0.0,2026-03-28 04:12:00,2026-03-29 01:31:27,13376
13376,2026-03-28 05:12:00,13376,2026.03.28_05:12:00_TAI,14399,0.6422764227642276,0.5655839600777843,0.0,0.7628944369543051,0.3280184868718469,0.5469130929438808,0.7683042115351375,0.623443462215631,0.0,0.8870429044319039,0.0,0.0,0.0,0.7744261188271604,0.8884475989127154,0.8924577682607661,0.2066768450284312,0.2881307622315528,0.6866819930348486,0.8220148292161,0.0,0.490721074078132,0.6589679950290417,0.0,2026-03-28 05:12:00,2026-03-29 01:31:27,13376
13376,2026-03-28 06:12:00,13376,2026.03.28_06:12:00_TAI,14399,0.7449186991869918,0.5379450477568911,0.0,0.7540699198307249,0.3033443826930616,0.3085281757180338,0.6994291707134481,0.5953195803748568,0.0,0.9284188121046316,0.0,0.0,0.0,0.8245563271604939,0.929492600422833,0.9317868189388532,0.1670894293305123,0.2778258915357546,0.6225388660005009,0.7156476609570162,0.0,0.4441974316216976,0.6073241532287332,0.0,2026-03-28 06:12:00,2026-03-29 01:31:27,13376
13376,2026-03-28 07:12:00,13376,2026.03.28_07:12:00_TAI,14399,0.7601626016260161,0.613838103102792,0.0,0.7797642129319556,0.3558297565297323,0.409900392393601,0.8082115304783151,0.6452669572456536,0.0,0.9031895021391528,0.0,0.0,0.0,0.7451533564814815,0.8444578677136817,0.8599571734475374,0.2202252864166958,0.3467808241704032,0.6088589443015501,0.7551868004971343,0.0,0.5164576215082751,0.6252675342240226,0.0,2026-03-28 07:12:00,2026-03-29 01:31:27,13376
13376,2026-03-28 08:12:00,13376,2026.03.28_08:12:00_TAI,14399,0.7098577235772358,0.6952556850975412,0.0,0.7822439359615877,0.4498227038736783,0.440293482551255,0.7678859872218418,0.6879107103943151,0.0,0.8031607710122113,0.0,0.0,0.0,0.6944444444444444,0.7925702204771973,0.8273614085177252,0.2823413437841867,0.3616790361657112,0.6606651036806046,0.74742119736297,0.0,0.4825673681054305,0.6297137140388862,0.0,2026-03-28 08:12:00,2026-03-29 01:31:27,13376
13376,2026-03-28 09:12:00,13376,2026.03.28_09:12:00_TAI,14399,0.6321138211382114,0.6001059619898359,0.0,0.7447209019488208,0.3513653687607624,0.335693886554134,0.7497169633667427,0.6300655520739759,0.0,0.8907889408072908,0.0,0.0,0.0,0.7700858410493827,0.8718967079432197,0.8798953128717583,0.2527078850245844,0.3393810500005483,0.6688366376072656,0.7250540682483192,0.0,0.4238715077596609,0.6100381097965768,0.0,2026-03-28 09:12:00,2026-03-29 01:31:27,13376
13376,2026-03-28 10:12:00,13376,2026.03.28_10:12:00_TAI,14399,0.791920731707317,0.5137291812808377,0.0,0.7290316689478424,0.2848970228311446,0.1970442777868072,0.6774121087750733,0.5916216407223088,0.0,0.944489091249654,0.0,0.0,0.0,0.8049768518518519,0.9289489580187256,0.911872472043778,0.210187177668514,0.3115359738650939,0.6320305920378758,0.6641733837426644,0.0,0.4226992869837184,0.5834566262628768,0.0,2026-03-28 10:12:00,2026-03-29 01:31:27,13376
13376,2026-03-28 11:12:00,13376,2026.03.28_11:12:00_TAI,14399,0.4611280487804877,0.4865786412594677,0.0,0.714223264204494,0.2718133162423363,0.1916227448977222,0.7844882958950596,0.5832260422463846,0.0,0.9370492364625088,0.0,0.0,0.0,0.7869888117283951,0.9129719118091212,0.897168689031644,0.1848093961506557,0.3018121224744845,0.5896478728973665,0.6626304406684564,0.0,0.4284139832205795,0.5837947505757851,0.0,2026-03-28 11:12:00,2026-03-29 01:31:27,13376
13376,2026-03-28 12:12:00,13376,2026.03.28_12:12:00_TAI,14399,0.7022357723577235,0.4615961782647688,0.0,0.718699004008859,0.2539530377269836,0.2393949244235994,0.6962531998929755,0.5622128757746915,0.0,0.9900793902638528,0.0,0.0,0.0,0.793089313271605,0.9325279371791,0.9068760409231502,0.173256554824904,0.2973284074589725,0.5817950060319121,0.6943961481877758,0.0,0.4670262636827739,0.595311114199274,0.0,2026-03-28 12:12:00,2026-03-29 01:31:27,13376
13376,2026-03-28 13:12:00,13376,2026.03.28_13:12:00_TAI,14399,0.625,0.4638426908425753,0.0,0.7312799456111028,0.2656686104338269,0.1963941582112424,0.7256901133829516,0.5627585794628315,0.0,0.9842261582177302,0.0,0.0,0.0,0.8029272762345679,0.9379039565086078,0.9158696169402808,0.1504514143514901,0.2823753823216656,0.5681833701317915,0.667607655346314,0.0,0.4411564235959234,0.5860415733579286,0.0,2026-03-28 13:12:00,2026-03-29 01:31:27,13376
13376,2026-03-28 14:12:00,13376,2026.03.28_14:12:00_TAI,14399,0.7886178861788617,0.4683445954945435,0.0,0.704805977969919,0.2659596569354856,0.2136803733543848,0.685100264994301,0.5604966722855196,0.0,0.9436391434724378,0.0,0.0,0.0,0.8052662037037037,0.9345816973723952,0.9095408041874852,0.154262289169662,0.2812023810828885,0.5705506111578995,0.6768300838017073,0.0,0.4618990594743579,0.5902721104090951,0.0,2026-03-28 14:12:00,2026-03-29 01:31:27,13376
13376,2026-03-28 15:12:00,13376,2026.03.28_15:12:00_TAI,14399,0.0,0.4741325472019226,0.0,0.704824293869416,0.2694830421989077,0.2399986068866238,0.6313725673865118,0.5686282132687631,0.0,0.933455033858288,0.0,0.0,0.0,0.792920524691358,0.919556025369979,0.9043302403045442,0.1751800247646755,0.2967802760389832,0.5794277650058043,0.6899982711208682,0.0,0.4468464892490508,0.595293190070121,0.0,2026-03-28 15:12:00,2026-03-29 01:31:27,13376
13376,2026-03-28 16:12:00,13376,2026.03.28_16:12:00_TAI,14399,0.664380081300813,0.5166238970925568,0.0,0.7021539189768377,0.2981562903923468,0.0575936288281594,0.7194251903002251,0.5915409596405314,0.0,0.8989140559479007,0.0,0.0,0.0,0.7814911265432098,0.895530051344005,0.8901736854627645,0.198670401404133,0.3065479779431917,0.6048073202376346,0.5895856235545102,0.0,0.4047106594533755,0.5546784411229977,0.0,2026-03-28 16:12:00,2026-03-29 01:31:27,13376
13376,2026-03-28 17:12:00,13376,2026.03.28_17:12:00_TAI,14399,0.5909552845528455,0.6067419055991143,0.0,0.7142844559596317,0.3822826895553387,0.0976340291160695,0.7086599574475558,0.6438470382916726,0.0,0.8088509223411551,0.0,0.0,0.0,0.6932870370370371,0.7890969495620659,0.8066381156316916,0.2640563576692354,0.3493022287023538,0.6386087906585027,0.6051357496322054,0.0,0.4513507296886546,0.5628567122986967,0.0,2026-03-28 17:12:00,2026-03-29 01:31:27,13376
13376,2026-03-28 18:12:00,13376,2026.03.28_18:12:00_TAI,14399,0.6387195121951219,0.6057488819234172,0.0,0.7216037391609107,0.3937831534174296,0.1808145069539576,0.8353966012138812,0.636052065646758,0.0,0.8053892730292225,0.0,0.0,0.0,0.7151572145061729,0.8197372395046814,0.8242207946704734,0.2284601420963417,0.3302053300299281,0.5961122618532766,0.6431228123970419,0.0,0.5360881081032813,0.5808486654711348,0.0,2026-03-28 18:12:00,2026-03-29 01:31:27,13376
13376,2026-03-28 19:12:00,13376,2026.03.28_19:12:00_TAI,14399,0.6539634146341462,0.4819169056731102,0.0,0.6757748609966839,0.2799596755251389,0.0172165594743318,0.7973787600389399,0.5642142431998783,0.0,0.8973788478172199,0.0,0.0,0.0,0.7663001543209877,0.894941105406222,0.8786343088270282,0.180625849031653,0.2877251449807606,0.5892609200373295,0.5494834565839305,0.0,0.5217099788345397,0.5385535847373165,0.0,2026-03-28 19:12:00,2026-03-29 01:31:27,13376
13376,2026-03-28 20:12:00,13376,2026.03.28_20:12:00_TAI,14399,0.7855691056910569,0.4801099281648744,0.0,0.659740956068807,0.2936532519350555,0.0155099955884743,0.8336090485888867,0.5617973284871124,0.0,0.8419129268509233,0.0,0.0,0.0,0.7609230324074074,0.8772727272727274,0.8772305496074232,0.1928398831492011,0.2720156984838686,0.636582978626545,0.550717811043297,0.0,0.5505107119356729,0.5387510820863156,0.0,2026-03-28 20:12:00,2026-03-29 01:31:27,13376
13376,2026-03-28 21:12:00,13376,2026.03.28_21:12:00_TAI,14399,0.5157520325203251,0.5259784465025144,0.0,0.6631697757087396,0.3371866311109044,0.0242866098585989,0.7902630705803761,0.5955013681287349,0.0,0.775448296037871,0.0,0.0,0.0,0.7237413194444445,0.8357444880700695,0.8490601950987389,0.2186143803421373,0.2848638989684168,0.6750734072337423,0.5709939750193275,0.0,0.5054475231963272,0.5480443004809864,0.0,2026-03-28 21:12:00,2026-03-29 01:31:27,13376
13376,2026-03-28 22:12:00,13376,2026.03.28_22:12:00_TAI,14399,0.711890243902439,0.5798192726508552,0.0,0.679995010748977,0.3774633757812634,0.0200143955048874,0.8130988445720755,0.6308360507311749,0.0,0.7691194788460851,0.0,0.0,0.0,0.6812307098765433,0.7660223497432801,0.7950749464668092,0.2588028803962347,0.3234523509356604,0.6774861721257369,0.5685918116369876,0.0,0.5190077945295508,0.5469210550540734,0.0,2026-03-28 22:12:00,2026-03-29 01:31:27,13376
13376,2026-03-28 23:12:00,13376,2026.03.28_23:12:00_TAI,14399,0.6908028455284552,0.6416664446792577,0.0,0.6996408943117567,0.4844837942185677,0.0965079291369662,0.8665583706749147,0.6766823094915404,0.0,0.6595239347704123,0.0,0.0,0.0,0.6976755401234568,0.776713983690728,0.7969545562693313,0.2122669295408917,0.2873085651015689,0.6181913368083218,0.597633066607515,0.0,0.5471587673591805,0.5633484087799024,0.0,2026-03-28 23:12:00,2026-03-29 01:31:27,13376
13376,2026-03-29 00:12:00,13376,2026.03.29_00:12:00_TAI,14399,0.6354166666666666,0.6663988018599585,0.0,0.7159303892917057,0.5843005425846071,0.0326568993939957,0.8619368954319073,0.6929198594701229,0.0,0.5447000068349297,0.0,0.0,0.0,0.7978395061728396,0.8569314406523709,0.8534856055198667,0.0989505067141122,0.1726285094114166,0.4865818405298978,0.5698405190551838,0.0,0.5206997240908294,0.5495207176378742,0.0,2026-03-29 00:12:00,2026-03-29 01:31:27,13376
